zpid,streetAddress,zipcode,city,state,latitude,longitude,price,bathrooms,bedrooms,livingArea,homeType,homeStatus,daysOnZillow,isFeatured,shouldHighlight,zestimate,rentZestimate,listing_sub_type,isUnmappable,isPreforeclosureAuction,homeStatusForHDP,priceForHDP,isNonOwnerOccupied,isPremierBuilder,isZillowOwned,currency,country,taxAssessedValue,lotAreaValue,lotAreaUnit,datePriceChanged,priceReduction,priceChange,unit,openHouse,open_house_info,newConstructionType,videoCount
1761077,4529 Chowen Ave S,55410,Minneapolis,MN,44.920357,-93.32508,435000,1,1,632,SINGLE_FAMILY,FOR_SALE,-1,FALSE,FALSE,1599900,8019,{'is_FSBA': True},FALSE,FALSE,FOR_SALE,435000,TRUE,FALSE,FALSE,USD,USA,334000,7405.2,sqft,,,,,,,,
1839202,2325 James Ave N,55411,Minneapolis,MN,45.00291,-93.304085,50000,2,4,1550,SINGLE_FAMILY,FOR_SALE,-1,FALSE,FALSE,183400,1999,{'is_FSBA': True},FALSE,FALSE,FOR_SALE,50000,TRUE,FALSE,FALSE,USD,USA,92000,5662.8,sqft,,,,,,,,
1991133,3523 Cedar Lake Ave,55416,Minneapolis,MN,44.95317,-93.32407,995000,2,3,2921,SINGLE_FAMILY,FOR_SALE,-1,FALSE,FALSE,1095000,5488,{'is_FSBA': True},FALSE,FALSE,FOR_SALE,995000,TRUE,FALSE,FALSE,USD,USA,808000,0.15,sqft,1.66807E+12,"$100,000 (Nov 10)",-100000,,,,,
82640511,100 3rd Ave S UNIT 1704,55401,Minneapolis,MN,44.981926,-93.26265,449900,2,2,1202,CONDO,FOR_SALE,-1,FALSE,FALSE,542900,2333,{'is_bankOwned': True},FALSE,FALSE,FOR_SALE,449900,TRUE,FALSE,FALSE,USD,USA,599000,0.94,acres,,,,Unit 1704,,,,
2009543,2325 Pleasant Ave,55404,Minneapolis,MN,44.9593,-93.282555,699000,5,12,4824,MULTI_FAMILY,FOR_SALE,-1,FALSE,FALSE,785800,3940,{'is_FSBA': True},FALSE,FALSE,FOR_SALE,699000,TRUE,FALSE,FALSE,USD,USA,842000,7840.8,sqft,1.66902E+12,"$96,000 (Nov 21)",-96000,,,,,
1976914,3613 26th St E,55406,Minneapolis,MN,44.955303,-93.21972,374900,2,4,1728,SINGLE_FAMILY,FOR_SALE,-1,FALSE,FALSE,452600,2100,{'is_FSBA': True},FALSE,FALSE,FOR_SALE,374900,TRUE,FALSE,FALSE,USD,USA,365000,4791.6,sqft,1.66859E+12,"$25,000 (Nov 16)",-25000,,,,,
1718892,4322 Girard Ave N,55412,Minneapolis,MN,45.034027,-93.296684,169900,2,4,1948,SINGLE_FAMILY,FOR_SALE,-1,FALSE,FALSE,241200,2232,{'is_FSBA': True},FALSE,FALSE,FOR_SALE,169900,TRUE,FALSE,FALSE,USD,USA,191000,0.12,sqft,1.66824E+12,"$20,000 (Nov 12)",-20000,,,,,
1821319,1414 4th St NE,55413,Minneapolis,MN,45.002506,-93.26201,169900,2,2,1709,MULTI_FAMILY,FOR_SALE,-1,FALSE,FALSE,229000,1800,{'is_FSBA': True},FALSE,FALSE,FOR_SALE,169900,TRUE,FALSE,FALSE,USD,USA,239000,8276.4,sqft,1.66962E+12,"$30,000 (Nov 28)",-30000,,,,,
1782250,4203 Blaisdell Ave,55409,Minneapolis,MN,44.926605,-93.27886,374900,2,3,1806,SINGLE_FAMILY,FOR_SALE,-1,FALSE,FALSE,431700,2100,{'is_FSBA': True},FALSE,FALSE,FOR_SALE,374900,TRUE,FALSE,FALSE,USD,USA,347000,5227.2,sqft,1.66876E+12,"$18,000 (Nov 18)",-18000,,,,,
1848941,5045 Thomas Ave S,55410,Minneapolis,MN,44.91106,-93.31341,499900,2,4,1698,SINGLE_FAMILY,FOR_SALE,-1,FALSE,FALSE,551000,2295,"{'is_openHouse': True, 'is_FSBA': True}",FALSE,FALSE,FOR_SALE,499900,TRUE,FALSE,FALSE,USD,USA,431000,5227.2,sqft,1.66954E+12,"$25,000 (Nov 27)",-25000,,Sat. 10:30am-12:30pm,"{'open_house_showing': [{'open_house_start': 1670092200000, 'open_house_end': 1670099400000}]}",,
2009545,2321 Pleasant Ave,55404,Minneapolis,MN,44.95944,-93.282555,599000,3,8,4264,MULTI_FAMILY,FOR_SALE,-1,FALSE,FALSE,650000,4500,{'is_FSBA': True},FALSE,FALSE,FOR_SALE,599000,TRUE,FALSE,FALSE,USD,USA,567000,6969.6,sqft,1.66902E+12,"$51,000 (Nov 21)",-51000,,,,,
1847160,4846 Thomas Ave S,55410,Minneapolis,MN,44.914684,-93.31415,1125000,2,5,3709,SINGLE_FAMILY,FOR_SALE,-1,FALSE,FALSE,1174100,5853,{'is_FSBA': True},FALSE,FALSE,FOR_SALE,1125000,TRUE,FALSE,FALSE,USD,USA,1010500,9147.6,sqft,1.6634E+12,"$50,000 (Sep 17)",-50000,,,,,
1991115,2713 France Ave S,55416,Minneapolis,MN,44.95311,-93.32838,599900,3,4,2410,SINGLE_FAMILY,FOR_SALE,-1,FALSE,FALSE,640800,2796,{'is_FSBA': True},FALSE,FALSE,FOR_SALE,599900,TRUE,FALSE,FALSE,USD,USA,568000,6534,sqft,1.66685E+12,"$50,000 (Oct 27)",-50000,,,,,
88846786,3512 Bryant Ave S APT 206,55408,Minneapolis,MN,44.938953,-93.29111,64900,1,0,410,CONDO,FOR_SALE,-1,FALSE,FALSE,104700,932,{'is_bankOwned': True},FALSE,FALSE,FOR_SALE,64900,TRUE,FALSE,FALSE,USD,USA,86000,0.25,acres,,,,Apt 206,,,,
1791840,4332 10th Ave S,55407,Minneapolis,MN,44.924053,-93.26038,260000,2,3,1080,SINGLE_FAMILY,FOR_SALE,-1,FALSE,FALSE,296400,1900,{'is_FSBA': True},FALSE,FALSE,FOR_SALE,260000,TRUE,FALSE,FALSE,USD,USA,249000,5227.2,sqft,,,,,,,,
1849413,5218 Washburn Ave S,55410,Minneapolis,MN,44.908173,-93.317924,530000,3,4,2096,SINGLE_FAMILY,FOR_SALE,-1,FALSE,FALSE,565100,2629,{'is_FSBA': True},FALSE,FALSE,FOR_SALE,530000,TRUE,FALSE,FALSE,USD,USA,457500,0.14,sqft,1.66495E+12,"$35,000 (Oct 5)",-35000,,,,,
1711305,612 32nd St W,55408,Minneapolis,MN,44.9449,-93.28756,296900,3,5,2065,SINGLE_FAMILY,FOR_SALE,-1,FALSE,FALSE,328100,2695,{'is_FSBA': True},FALSE,FALSE,FOR_SALE,296900,TRUE,FALSE,FALSE,USD,USA,341000,1742.4,sqft,1.66495E+12,"$3,000 (Oct 5)",-3000,,,,,
61624273,700 S 2nd St #W70,55401,Minneapolis,MN,44.97905,-93.25751,2295000,3,3,3290,CONDO,FOR_SALE,-1,FALSE,FALSE,2326000,11965,{'is_FSBA': True},FALSE,FALSE,FOR_SALE,2295000,TRUE,FALSE,FALSE,USD,USA,1923000,1.54,acres,1.66305E+12,"$100,000 (Sep 13)",-100000,# W70,,,,
1959699,256 Thomas Ave S,55405,Minneapolis,MN,44.973705,-93.31381,299900,2,3,1493,SINGLE_FAMILY,FOR_SALE,-1,FALSE,FALSE,327900,1996,{'is_FSBA': True},FALSE,FALSE,FOR_SALE,299900,TRUE,FALSE,FALSE,USD,USA,382000,6098.4,sqft,1.66608E+12,"$25,100 (Oct 18)",-25100,,,,,
1905004,27 54th St E,55419,Minneapolis,MN,44.904797,-93.27717,199900,1,2,755,TOWNHOUSE,FOR_SALE,-1,FALSE,FALSE,226100,1399,{'is_FSBA': True},FALSE,FALSE,FOR_SALE,199900,TRUE,FALSE,FALSE,USD,USA,194000,,,1.66694E+12,"$25,100 (Oct 28)",-25100,,,,,
67875121,2747 Dupont Ave S APT 303,55408,Minneapolis,MN,44.95217,-93.29293,106995,1,1,568,CONDO,FOR_SALE,-1,FALSE,FALSE,132200,1116,{'is_FSBA': True},FALSE,FALSE,FOR_SALE,106995,TRUE,FALSE,FALSE,USD,USA,116000,0.12,sqft,,,,Apt 303,,,,
1713164,2943 Grand St NE,55418,Minneapolis,MN,45.021866,-93.26999,374900,2,3,2059,MULTI_FAMILY,FOR_SALE,-1,FALSE,FALSE,400000,2199,{'is_FSBA': True},FALSE,FALSE,FOR_SALE,374900,TRUE,FALSE,FALSE,USD,USA,288000,5227.2,sqft,1.6691E+12,"$25,000 (Nov 22)",-25000,,,,,
1860054,4621 34th Ave S,55406,Minneapolis,MN,44.918987,-93.22256,350000,2,3,1931,SINGLE_FAMILY,FOR_SALE,-1,FALSE,FALSE,375000,2110,{'is_FSBA': True},FALSE,FALSE,FOR_SALE,350000,TRUE,FALSE,FALSE,USD,USA,335000,4791.6,sqft,,,,,,,,
1761100,4408 Xerxes Ave S,55410,Minneapolis,MN,44.92293,-93.319275,425000,2,3,1750,SINGLE_FAMILY,FOR_SALE,-1,FALSE,FALSE,449800,2199,{'is_FSBA': True},FALSE,FALSE,FOR_SALE,425000,TRUE,FALSE,FALSE,USD,USA,415000,6098.4,sqft,1.66703E+12,"$10,000 (Oct 29)",-10000,,,,,
1737848,3552 40th Ave S,55406,Minneapolis,MN,44.93799,-93.215675,299900,1,3,1170,SINGLE_FAMILY,FOR_SALE,-1,FALSE,FALSE,324400,1900,{'is_FSBA': True},FALSE,FALSE,FOR_SALE,299900,TRUE,FALSE,FALSE,USD,USA,282000,5227.2,sqft,1.66694E+12,"$20,000 (Oct 28)",-20000,,,,,
1711972,611 37th St W,55409,Minneapolis,MN,44.935772,-93.28729,455309,2,4,1780,MULTI_FAMILY,FOR_SALE,-1,FALSE,FALSE,479300,2100,{'is_FSBA': True},FALSE,FALSE,FOR_SALE,455309,TRUE,FALSE,FALSE,USD,USA,448500,4356,sqft,1.66798E+12,"$14,000 (Nov 9)",-14000,,,,,
1760518,4117 Chowen Ave S,55410,Minneapolis,MN,44.928154,-93.324875,725000,3,4,3580,SINGLE_FAMILY,FOR_SALE,-1,FALSE,FALSE,747300,2499,{'is_FSBA': True},FALSE,FALSE,FOR_SALE,725000,TRUE,FALSE,FALSE,USD,USA,432000,5227.2,sqft,1.66962E+12,"$25,000 (Nov 28)",-25000,,,,,
1774739,2942 Colfax Ave N,55411,Minneapolis,MN,45.010777,-93.29143,174900,1,3,1394,SINGLE_FAMILY,FOR_SALE,-1,FALSE,FALSE,195100,1699,{'is_FSBA': True},FALSE,FALSE,FOR_SALE,174900,TRUE,FALSE,FALSE,USD,USA,162000,5227.2,sqft,1.6691E+12,"$10,000 (Nov 22)",-10000,,,,,
1728663,3610 Xerxes Ave N,55412,Minneapolis,MN,45.020847,-93.31807,329900,1,3,1531,SINGLE_FAMILY,FOR_SALE,-1,FALSE,FALSE,349700,1224,{'is_FSBA': True},FALSE,FALSE,FOR_SALE,329900,TRUE,FALSE,FALSE,USD,USA,233000,5227.2,sqft,1.66876E+12,"$20,100 (Nov 18)",-20100,,,,,
1950614,2137 Mount View Ave,55405,Minneapolis,MN,44.9715,-93.30776,499900,3,3,1974,SINGLE_FAMILY,FOR_SALE,-1,FALSE,FALSE,517900,2400,{'is_FSBA': True},FALSE,FALSE,FOR_SALE,499900,TRUE,FALSE,FALSE,USD,USA,309000,6534,sqft,1.66841E+12,"$20,100 (Nov 14)",-20100,,,,,
67876143,2401 16th Ave S,55404,Minneapolis,MN,44.9589,-93.2509,219000,3,3,1678,TOWNHOUSE,FOR_SALE,-1,FALSE,FALSE,234100,2350,{'is_FSBA': True},FALSE,FALSE,FOR_SALE,219000,TRUE,FALSE,FALSE,USD,USA,204000,871.2,sqft,1.66945E+12,"$20,000 (Nov 26)",-20000,,,,,
1790930,3836 Elliot Ave,55407,Minneapolis,MN,44.932953,-93.26158,299900,2,3,1320,SINGLE_FAMILY,FOR_SALE,-1,FALSE,FALSE,314000,1800,{'is_FSBA': True},FALSE,FALSE,FOR_SALE,299900,TRUE,FALSE,FALSE,USD,USA,249000,5227.2,sqft,,,,,,,,
1808522,4701 Girard Ave N,55430,Minneapolis,MN,45.040432,-93.29818,245000,2,2,1489,SINGLE_FAMILY,FOR_SALE,-1,FALSE,FALSE,259001,1697,{'is_FSBA': True},FALSE,FALSE,FOR_SALE,245000,TRUE,FALSE,FALSE,USD,USA,175000,0.14,sqft,1.66936E+12,"$14,000 (Nov 25)",-14000,,,,,
1693972,3133 29th Ave S,55406,Minneapolis,MN,44.945755,-93.229546,154900,1,1,1600,MULTI_FAMILY,FOR_SALE,-1,FALSE,FALSE,168400,2094,{'is_FSBA': True},FALSE,FALSE,FOR_SALE,154900,TRUE,FALSE,FALSE,USD,USA,247000,7405.2,sqft,1.66962E+12,"$15,100 (Nov 28)",-15100,,,,,
1991359,3141 Dean Ct APT 308,55416,Minneapolis,MN,44.950798,-93.31986,410000,3,2,1880,CONDO,FOR_SALE,-1,FALSE,FALSE,422500,2949,{'is_FSBA': True},FALSE,FALSE,FOR_SALE,410000,TRUE,FALSE,FALSE,USD,USA,434000,,,,,,Apt 308,,,,
1747855,4049 42nd Ave S,55406,Minneapolis,MN,44.92918,-93.21239,416000,2,4,2327,SINGLE_FAMILY,FOR_SALE,-1,FALSE,FALSE,428300,2394,{'is_FSBA': True},FALSE,FALSE,FOR_SALE,416000,TRUE,FALSE,FALSE,USD,USA,381000,5227.2,sqft,1.66919E+12,"$19,000 (Nov 23)",-19000,,,,,
1781658,3858 Garfield Ave,55409,Minneapolis,MN,44.932392,-93.28731,449900,3,4,2020,SINGLE_FAMILY,FOR_SALE,-1,FALSE,FALSE,461300,2575,{'is_FSBA': True},FALSE,FALSE,FOR_SALE,449900,TRUE,FALSE,FALSE,USD,USA,474000,4791.6,sqft,1.66859E+12,"$25,100 (Nov 16)",-25100,,,,,
1773331,3415 Morgan Ave N,55412,Minneapolis,MN,45.017292,-93.30482,125000,1,3,1090,SINGLE_FAMILY,FOR_SALE,-1,FALSE,FALSE,135000,1634,{'is_FSBA': True},FALSE,FALSE,FOR_SALE,125000,TRUE,FALSE,FALSE,USD,USA,112000,4791.6,sqft,1.66798E+12,"$10,000 (Nov 9)",-10000,,,,,
1696558,1414 37th Ave NE,55421,Minneapolis,MN,45.035416,-93.23874,339000,2,4,1751,SINGLE_FAMILY,FOR_SALE,-1,FALSE,FALSE,349000,2199,{'is_FSBA': True},FALSE,FALSE,FOR_SALE,339000,TRUE,FALSE,FALSE,USD,USA,273000,6534,sqft,1.66859E+12,"$10,000 (Nov 16)",-10000,,,,,
1717234,3140 Dupont Ave S,55408,Minneapolis,MN,44.94514,-93.29358,359000,1,3,2120,SINGLE_FAMILY,FOR_SALE,-1,FALSE,FALSE,369000,1900,{'is_FSBA': True},FALSE,FALSE,FOR_SALE,359000,TRUE,FALSE,FALSE,USD,USA,323000,6098.4,sqft,1.66859E+12,"$10,000 (Nov 16)",-10000,,,,,
88845449,1820 1st Ave S APT 208,55403,Minneapolis,MN,44.96442,-93.27696,85000,1,1,600,CONDO,FOR_SALE,-1,FALSE,FALSE,94000,999,{'is_FSBA': True},FALSE,FALSE,FOR_SALE,85000,TRUE,FALSE,FALSE,USD,USA,112000,0,sqft,1.66884E+12,"$4,000 (Nov 19)",-4000,Apt 208,,,,
1959596,253 Sheridan Ave S,55405,Minneapolis,MN,44.9738,-93.31182,799900,4,5,3345,SINGLE_FAMILY,FOR_SALE,-1,FALSE,FALSE,808900,4114,{'is_FSBA': True},FALSE,FALSE,FOR_SALE,799900,TRUE,FALSE,FALSE,USD,USA,627500,4791.6,sqft,1.66625E+12,"$30,100 (Oct 20)",-30100,,,,,
67878017,1535 24th St E,55404,Minneapolis,MN,44.95895,-93.251595,264900,3,3,1801,TOWNHOUSE,FOR_SALE,-1,FALSE,FALSE,273700,2937,{'is_FSBA': True},FALSE,FALSE,FOR_SALE,264900,TRUE,FALSE,FALSE,USD,USA,210500,0,sqft,1.66962E+12,"$10,000 (Nov 28)",-10000,,,,,
1793704,2312 3rd St NE,55418,Minneapolis,MN,45.011623,-93.26508,289900,1,2,1485,SINGLE_FAMILY,FOR_SALE,-1,FALSE,FALSE,298600,1800,{'is_FSBA': True},FALSE,FALSE,FOR_SALE,289900,TRUE,FALSE,FALSE,USD,USA,270000,7405.2,sqft,1.66936E+12,"$9,000 (Nov 25)",-9000,,,,,
1911403,5440 11th Ave S,55417,Minneapolis,MN,44.903854,-93.25923,509900,3,5,2170,SINGLE_FAMILY,FOR_SALE,-1,FALSE,FALSE,516000,2499,{'is_FSBA': True},FALSE,FALSE,FOR_SALE,509900,TRUE,FALSE,FALSE,USD,USA,406000,6250,sqft,,,,,,,,
1944210,400 Groveland Ave APT 2112,55403,Minneapolis,MN,44.96616,-93.28525,275000,2,3,1768,CONDO,FOR_SALE,-1,FALSE,FALSE,280200,2094,{'is_FSBA': True},FALSE,FALSE,FOR_SALE,275000,TRUE,FALSE,FALSE,USD,USA,307000,,,,,,Apt 2112,,,,
1818733,4901 16th Ave S,55417,Minneapolis,MN,44.914124,-93.250786,600000,3,3,2342,SINGLE_FAMILY,FOR_SALE,-1,FALSE,FALSE,605100,2292,{'is_FSBA': True},FALSE,FALSE,FOR_SALE,600000,TRUE,FALSE,FALSE,USD,USA,421000,5227.2,sqft,,,,,,,,
1696973,3301 Taylor St NE,55418,Minneapolis,MN,45.027767,-93.24314,289900,1,3,1584,SINGLE_FAMILY,FOR_SALE,-1,FALSE,FALSE,294900,1950,"{'is_openHouse': True, 'is_FSBA': True}",FALSE,FALSE,FOR_SALE,289900,TRUE,FALSE,FALSE,USD,USA,256000,4791.6,sqft,1.66513E+12,"$5,000 (Oct 7)",-5000,,Thu. 4-6pm,"{'open_house_showing': [{'open_house_start': 1669939200000, 'open_house_end': 1669946400000}]}",,
1920943,1095 18th Ave SE,55414,Minneapolis,MN,44.990643,-93.227325,349900,3,5,2014,MULTI_FAMILY,FOR_SALE,-1,FALSE,FALSE,354700,2195,{'is_FSBA': True},FALSE,FALSE,FOR_SALE,349900,TRUE,FALSE,FALSE,USD,USA,277000,5227.2,sqft,,,,,,,,
1819932,5341 Chicago Ave,55417,Minneapolis,MN,44.90575,-93.262245,449900,2,7,2820,MULTI_FAMILY,FOR_SALE,-1,FALSE,FALSE,454700,2949,{'is_FSBA': True},FALSE,FALSE,FOR_SALE,449900,TRUE,FALSE,FALSE,USD,USA,357000,5227.2,sqft,,,,,,,,
1838267,5246 Girard Ave S,55419,Minneapolis,MN,44.907158,-93.297554,450000,2,2,1070,SINGLE_FAMILY,FOR_SALE,-1,FALSE,FALSE,454600,1794,{'is_FSBA': True},FALSE,FALSE,FOR_SALE,450000,TRUE,FALSE,FALSE,USD,USA,324000,0.12,sqft,,,,,,,,
2010268,2610 Garfield Ave APT 307,55408,Minneapolis,MN,44.955185,-93.28712,129900,1,1,628,CONDO,FOR_SALE,-1,FALSE,FALSE,134500,1049,{'is_FSBA': True},FALSE,FALSE,FOR_SALE,129900,TRUE,FALSE,FALSE,USD,USA,129000,0.49,acres,,,,Apt 307,,,,
1828828,4904 Stevens Ave,55419,Minneapolis,MN,44.91395,-93.27581,550000,3,4,2288,SINGLE_FAMILY,FOR_SALE,-1,FALSE,FALSE,553800,2625,{'is_FSBA': True},FALSE,FALSE,FOR_SALE,550000,TRUE,FALSE,FALSE,USD,USA,401000,6534,sqft,,,,,,,,
1791104,3945 Portland Ave,55407,Minneapolis,MN,44.93095,-93.26712,267500,2,5,2002,SINGLE_FAMILY,FOR_SALE,-1,FALSE,FALSE,270900,2400,{'is_FSBA': True},FALSE,FALSE,FOR_SALE,267500,TRUE,FALSE,FALSE,USD,USA,165000,4791.6,sqft,1.66884E+12,"$7,500 (Nov 19)",-7500,,,,,
1927806,1920 S 1st St APT 1202,55454,Minneapolis,MN,44.975697,-93.24527,184900,2,2,1110,CONDO,FOR_SALE,-1,FALSE,FALSE,186800,1746,{'is_FSBA': True},FALSE,FALSE,FOR_SALE,184900,TRUE,FALSE,FALSE,USD,USA,205500,1.08,acres,1.66495E+12,"$5,100 (Oct 5)",-5100,Apt 1202,,,,
1876139,911 Weeks Ave SE,55414,Minneapolis,MN,44.98678,-93.21776,239900,1,2,793,SINGLE_FAMILY,FOR_SALE,-1,FALSE,FALSE,241400,1424,{'is_FSBA': True},FALSE,FALSE,FOR_SALE,239900,TRUE,FALSE,FALSE,USD,USA,198000,5227.2,sqft,,,,,,,,
1749103,4253 41st Ave S,55406,Minneapolis,MN,44.92543,-93.21367,299900,2,3,1901,SINGLE_FAMILY,FOR_SALE,-1,FALSE,FALSE,300900,1900,{'is_FSBA': True},FALSE,FALSE,FOR_SALE,299900,TRUE,FALSE,FALSE,USD,USA,242500,5227.2,sqft,,,,,,,,
1897897,700 Elwood Ave N,55411,Minneapolis,MN,44.985775,-93.300125,219900,3,4,1738,SINGLE_FAMILY,FOR_SALE,-1,FALSE,FALSE,220600,2269,{'is_FSBA': True},FALSE,FALSE,FOR_SALE,219900,TRUE,FALSE,FALSE,USD,USA,205000,7840.8,sqft,1.6621E+12,"$20,000 (Sep 2)",-20000,,,,,
1846812,5304 48th Ave S,55417,Minneapolis,MN,44.906944,-93.20537,269900,1,5,1209,SINGLE_FAMILY,FOR_SALE,-1,FALSE,FALSE,270500,1900,{'is_FSBA': True},FALSE,FALSE,FOR_SALE,269900,TRUE,FALSE,FALSE,USD,USA,236000,5120,sqft,1.66859E+12,"$5,000 (Nov 16)",-5000,,,,,
67871679,3502 25th St E,55406,Minneapolis,MN,44.957573,-93.220634,599999,4,3,3350,SINGLE_FAMILY,FOR_SALE,-1,FALSE,FALSE,600400,3893,{'is_FSBA': True},FALSE,FALSE,FOR_SALE,599999,TRUE,FALSE,FALSE,USD,USA,545000,0.1,sqft,,,,,,,,
1896032,5520 Newton Ave S,55419,Minneapolis,MN,44.902496,-93.30646,420000,2,3,2021,SINGLE_FAMILY,FOR_SALE,-1,FALSE,FALSE,420400,1995,{'is_FSBA': True},FALSE,FALSE,FOR_SALE,420000,TRUE,FALSE,FALSE,USD,USA,370000,6534,sqft,,,,,,,,
1847195,4908 Thomas Ave S,55410,Minneapolis,MN,44.91387,-93.31415,525000,2,3,2557,SINGLE_FAMILY,FOR_SALE,-1,FALSE,FALSE,525300,2199,{'is_FSBA': True},FALSE,FALSE,FOR_SALE,525000,TRUE,FALSE,FALSE,USD,USA,640000,5227.2,sqft,1.66625E+12,"$50,000 (Oct 20)",-50000,,,,,
1898228,2029 3rd Ave N,55405,Minneapolis,MN,44.97955,-93.30699,300000,2,3,1301,SINGLE_FAMILY,FOR_SALE,-1,FALSE,FALSE,300200,1895,{'is_FSBA': True},FALSE,FALSE,FOR_SALE,300000,TRUE,FALSE,FALSE,USD,USA,237000,3920.4,sqft,,,,,,,,
1694773,2324 35th St E,55406,Minneapolis,MN,44.93976,-93.2376,250000,2,2,968,SINGLE_FAMILY,FOR_SALE,-1,FALSE,FALSE,250100,1498,{'is_comingSoon': True},FALSE,FALSE,FOR_SALE,250000,TRUE,FALSE,FALSE,USD,USA,213000,4791.6,sqft,,,,,,,,
1804414,1318 Lowry Ave NE,55418,Minneapolis,MN,45.01296,-93.240074,250000,1,2,1224,SINGLE_FAMILY,FOR_SALE,-1,FALSE,FALSE,250090,1694,{'is_FSBA': True},FALSE,FALSE,FOR_SALE,250000,TRUE,FALSE,FALSE,USD,USA,195000,3920.4,sqft,,,,,,,,
1759822,4026 Vincent Ave S,55410,Minneapolis,MN,44.92955,-93.31643,944999,4,4,2916,SINGLE_FAMILY,FOR_SALE,-1,FALSE,FALSE,945006,4544,{'is_FSBA': True},FALSE,FALSE,FOR_SALE,944999,TRUE,FALSE,FALSE,USD,USA,691000,0.2,sqft,,,,,,,,
1829686,118 Rustic Ldg W,55419,Minneapolis,MN,44.915386,-93.28038,650000,4,4,2700,SINGLE_FAMILY,FOR_SALE,-1,FALSE,FALSE,650004,2949,{'is_FSBA': True},FALSE,FALSE,FOR_SALE,650000,TRUE,FALSE,FALSE,USD,USA,595000,8712,sqft,1.66659E+12,"$35,000 (Oct 24)",-35000,,,,,
1760836,4248 Beard Ave S,55410,Minneapolis,MN,44.925266,-93.32435,895000,4,4,3686,SINGLE_FAMILY,FOR_SALE,-1,FALSE,FALSE,895003,4526,{'is_FSBA': True},FALSE,FALSE,FOR_SALE,895000,TRUE,FALSE,FALSE,USD,USA,677000,5662.8,sqft,,,,,,,,
1793933,1918 6th St NE,55418,Minneapolis,MN,45.008095,-93.25897,495000,2,4,1688,SINGLE_FAMILY,FOR_SALE,-1,FALSE,FALSE,495002,2394,{'is_FSBA': True},FALSE,FALSE,FOR_SALE,495000,TRUE,FALSE,FALSE,USD,USA,314000,9147.6,sqft,,,,,,,,
1861361,5137 42nd Ave S,55417,Minneapolis,MN,44.90943,-93.21228,400000,2,4,1950,SINGLE_FAMILY,FOR_SALE,-1,FALSE,FALSE,400002,1997,{'is_FSBA': True},FALSE,FALSE,FOR_SALE,400000,TRUE,FALSE,FALSE,USD,USA,309000,6534,sqft,1.66919E+12,"$15,000 (Nov 23)",-15000,,,,,
1761177,3315 44th St W,55410,Minneapolis,MN,44.923107,-93.32217,525000,2,3,2184,SINGLE_FAMILY,FOR_SALE,-1,FALSE,FALSE,525001,2094,{'is_FSBA': True},FALSE,FALSE,FOR_SALE,525000,TRUE,FALSE,FALSE,USD,USA,375000,3484.8,sqft,,,,,,,,
1718933,4339 Girard Ave N,55412,Minneapolis,MN,45.034473,-93.29741,199000,2,3,1664,SINGLE_FAMILY,FOR_SALE,-1,FALSE,FALSE,199001,1849,{'is_FSBA': True},FALSE,FALSE,FOR_SALE,199000,TRUE,FALSE,FALSE,USD,USA,185000,5227.2,sqft,,,,,,,,
58624439,5250 Humboldt Ave N,55430,Minneapolis,MN,45.050755,-93.29882,399999,4,5,3255,SINGLE_FAMILY,FOR_SALE,-1,FALSE,FALSE,400000,2999,{'is_FSBA': True},FALSE,FALSE,FOR_SALE,399999,TRUE,FALSE,FALSE,USD,USA,338000,5662.8,sqft,1.66694E+12,"$10,001 (Oct 28)",-10001,,,,,
1819862,5349 Columbus Ave,55417,Minneapolis,MN,44.905605,-93.26356,275000,1,2,728,SINGLE_FAMILY,FOR_SALE,-1,FALSE,FALSE,275001,1334,{'is_FSBA': True},FALSE,FALSE,FOR_SALE,275000,TRUE,FALSE,FALSE,USD,USA,240000,4791.6,sqft,,,,,,,,
1704355,3216 15th Ave S APT 1,55407,Minneapolis,MN,44.94418,-93.25413,170000,1,2,1800,CONDO,FOR_SALE,-1,FALSE,FALSE,170000,1794,{'is_FSBA': True},FALSE,FALSE,FOR_SALE,170000,TRUE,FALSE,FALSE,USD,USA,167000,7840.8,sqft,1.66297E+12,"$10,000 (Sep 12)",-10000,Apt 1,,,,
1792048,4311 Portland Ave,55407,Minneapolis,MN,44.92476,-93.26717,399900,3,5,2474,SINGLE_FAMILY,FOR_SALE,-1,FALSE,FALSE,399900,2495,{'is_FSBA': True},FALSE,FALSE,FOR_SALE,399900,TRUE,FALSE,FALSE,USD,USA,314500,5227.2,sqft,,,,,,,,
67877204,918 3rd St N #106,55401,Minneapolis,MN,44.989494,-93.28111,259000,1,1,855,CONDO,FOR_SALE,-1,FALSE,FALSE,259000,1834,{'is_FSBA': True},FALSE,FALSE,FOR_SALE,259000,TRUE,FALSE,FALSE,USD,USA,227500,,,,,,# 106,,,,
1764038,2647 Sheridan Ave N,55411,Minneapolis,MN,45.007317,-93.31233,79900,1,3,904,SINGLE_FAMILY,FOR_SALE,-1,FALSE,FALSE,79900,1514,{'is_FSBA': True},FALSE,FALSE,FOR_SALE,79900,TRUE,FALSE,FALSE,USD,USA,120000,8276.4,sqft,,,,,,,,
1783946,2631 Grand St NE,55418,Minneapolis,MN,45.015873,-93.269875,239000,1,2,1552,SINGLE_FAMILY,FOR_SALE,-1,FALSE,FALSE,239000,1694,{'is_FSBA': True},FALSE,FALSE,FOR_SALE,239000,TRUE,FALSE,FALSE,USD,USA,191000,4791.6,sqft,1.66685E+12,"$21,000 (Oct 27)",-21000,,,,,
1712940,3855 N 6th St,55412,Minneapolis,MN,45.025497,-93.28697,145000,2,2,1212,SINGLE_FAMILY,FOR_SALE,-1,FALSE,FALSE,145000,1694,{'is_FSBA': True},FALSE,FALSE,FOR_SALE,145000,TRUE,FALSE,FALSE,USD,USA,123000,6098.4,sqft,1.66331E+12,"$5,000 (Sep 16)",-5000,,,,,
1849618,2400 Sheridan Ave N,55411,Minneapolis,MN,45.00435,-93.311745,124900,2,3,1144,SINGLE_FAMILY,FOR_SALE,-1,FALSE,FALSE,124900,1629,{'is_FSBA': True},FALSE,FALSE,FOR_SALE,124900,TRUE,FALSE,FALSE,USD,USA,136000,4356,sqft,,,,,,,,
1951012,1301 Mount Curve Ave,55403,Minneapolis,MN,44.967106,-93.29596,2490000,4,4,4653,MULTI_FAMILY,FOR_SALE,-1,FALSE,FALSE,2490000,12479,{'is_newHome': True},FALSE,FALSE,FOR_SALE,2490000,TRUE,FALSE,FALSE,USD,USA,1411000,0.49,acres,,,,,,,NEW_CONSTRUCTION_TYPE_OTHER,
1935670,433 S 7th St APT 1627,55415,Minneapolis,MN,44.973957,-93.26582,189900,2,2,940,CONDO,FOR_SALE,-1,FALSE,FALSE,189900,1800,{'is_FSBA': True},FALSE,FALSE,FOR_SALE,189900,TRUE,FALSE,FALSE,USD,USA,170500,1.17,acres,,,,Apt 1627,,,,
1761430,4220 Vincent Ave S,55410,Minneapolis,MN,44.9261,-93.31645,629000,3,4,2320,SINGLE_FAMILY,FOR_SALE,-1,FALSE,FALSE,629000,2499,{'is_FSBA': True},FALSE,FALSE,FOR_SALE,629000,TRUE,FALSE,FALSE,USD,USA,507000,0.2,sqft,,,,,,,,
1848476,5244 Drew Ave S,55410,Minneapolis,MN,44.907562,-93.32683,1225000,4,5,3125,SINGLE_FAMILY,FOR_SALE,-1,FALSE,FALSE,1225000,6139,{'is_newHome': True},FALSE,FALSE,FOR_SALE,1225000,TRUE,FALSE,FALSE,USD,USA,410000,5227.2,sqft,,,,,,,BUILDER_SPEC,
1820872,1711 Adams St NE,55413,Minneapolis,MN,45.00561,-93.25592,255000,2,2,1400,MULTI_FAMILY,FOR_SALE,-1,FALSE,FALSE,255000,1649,{'is_FSBA': True},FALSE,FALSE,FOR_SALE,255000,TRUE,FALSE,FALSE,USD,USA,246000,5227.2,sqft,,,,,,,,
2000577,2541 Dupont Ave S,55405,Minneapolis,MN,44.956097,-93.29278,499900,2,5,2291,SINGLE_FAMILY,FOR_SALE,-1,FALSE,FALSE,499900,2594,{'is_FSBA': True},FALSE,FALSE,FOR_SALE,499900,TRUE,FALSE,FALSE,USD,USA,489000,5227.2,sqft,1.66919E+12,,35000,,,,,
101660688,914 19th Ave NE,55418,Minneapolis,MN,45.00771,-93.24839,365000,2,3,1600,SINGLE_FAMILY,FOR_SALE,-1,FALSE,FALSE,365000,2429,{'is_newHome': True},FALSE,FALSE,FOR_SALE,365000,TRUE,FALSE,FALSE,USD,USA,,3049.2,sqft,,,,,,,BUILDER_SPEC,
1735641,3137 38th Ave S,55406,Minneapolis,MN,44.945663,-93.21747,287500,2,2,1457,SINGLE_FAMILY,FOR_SALE,-1,FALSE,FALSE,287500,1944,{'is_FSBA': True},FALSE,FALSE,FOR_SALE,287500,TRUE,FALSE,FALSE,USD,USA,314000,5227.2,sqft,,,,,,,,
71814893,531 10th St S,55404,Minneapolis,MN,44.970764,-93.26791,975000,3,3,2686,TOWNHOUSE,FOR_SALE,-1,FALSE,FALSE,975000,4969,{'is_FSBA': True},FALSE,FALSE,FOR_SALE,975000,TRUE,FALSE,FALSE,USD,USA,870500,0.71,acres,,,,,,,,
1913088,110 Bank St UNIT L1602,55414,Minneapolis,MN,44.985867,-93.2574,750000,2,2,1536,CONDO,FOR_SALE,-1,FALSE,FALSE,750000,2195,{'is_FSBA': True},FALSE,FALSE,FOR_SALE,750000,TRUE,FALSE,FALSE,USD,USA,629000,0.45,acres,1.66634E+12,"$40,000 (Oct 21)",-40000,Unit L1602,,,,
1812043,5252 28th Ave S,55417,Minneapolis,MN,44.907394,-93.23261,343000,2,3,1672,SINGLE_FAMILY,FOR_SALE,-1,FALSE,FALSE,343000,1989,{'is_FSBA': True},FALSE,FALSE,FOR_SALE,343000,TRUE,FALSE,FALSE,USD,USA,333000,5227.2,sqft,,,,,,,,
1791543,4037 Elliot Ave,55407,Minneapolis,MN,44.929413,-93.26089,370000,2,4,2274,SINGLE_FAMILY,FOR_SALE,-1,FALSE,FALSE,370000,2475,{'is_FSBA': True},FALSE,FALSE,FOR_SALE,370000,TRUE,FALSE,FALSE,USD,USA,375000,4791.6,sqft,1.66746E+12,"$4,900 (Nov 3)",-4900,,,,,
1830198,5209 Belmont Ave S,55419,Minneapolis,MN,44.908348,-93.27843,599900,2,6,3106,MULTI_FAMILY,FOR_SALE,-1,FALSE,FALSE,599900,3095,{'is_FSBA': True},FALSE,FALSE,FOR_SALE,599900,TRUE,FALSE,FALSE,USD,USA,583000,5662.8,sqft,,,,,,,,
1793864,346 19th Ave NE,55418,Minneapolis,MN,45.007236,-93.2622,274900,2,4,2307,SINGLE_FAMILY,FOR_SALE,-1,FALSE,FALSE,274800,1900,{'is_FSBA': True},FALSE,FALSE,FOR_SALE,274900,TRUE,FALSE,FALSE,USD,USA,246000,6534,sqft,1.66685E+12,"$25,000 (Oct 27)",-25000,,,,,
1927974,1909 S 5th St,55454,Minneapolis,MN,44.968643,-93.24509,275000,2,2,1208,TOWNHOUSE,FOR_SALE,-1,FALSE,FALSE,274900,1783,{'is_FSBA': True},FALSE,FALSE,FOR_SALE,275000,TRUE,FALSE,FALSE,USD,USA,207000,,,,,,,,,,
1748402,4143 Snelling Ave,55406,Minneapolis,MN,44.927578,-93.22047,285000,2,3,1311,SINGLE_FAMILY,FOR_SALE,-1,FALSE,FALSE,284900,2100,{'is_FSBA': True},FALSE,FALSE,FOR_SALE,285000,TRUE,FALSE,FALSE,USD,USA,304000,4356,sqft,1.66729E+12,"$14,000 (Nov 1)",-14000,,,,,
1793178,2530 Washington St NE,55418,Minneapolis,MN,45.014202,-93.25708,349900,2,4,2036,SINGLE_FAMILY,FOR_SALE,-1,FALSE,FALSE,349800,1950,{'is_FSBA': True},FALSE,FALSE,FOR_SALE,349900,TRUE,FALSE,FALSE,USD,USA,290000,5662.8,sqft,1.66685E+12,"$30,000 (Oct 27)",-30000,,,,,
1913675,15 S 1st St APT A218,55401,Minneapolis,MN,44.98314,-93.26676,120000,1,1,714,CONDO,FOR_SALE,-1,FALSE,FALSE,119900,1346,{'is_FSBA': True},FALSE,FALSE,FOR_SALE,120000,TRUE,FALSE,FALSE,USD,USA,145000,0,sqft,,,,Apt A218,,,,
1720618,3725 Fremont Ave N,55412,Minneapolis,MN,45.022972,-93.29596,269900,2,4,2084,MULTI_FAMILY,FOR_SALE,-1,FALSE,FALSE,269700,1594,{'is_FSBA': True},FALSE,FALSE,FOR_SALE,269900,TRUE,FALSE,FALSE,USD,USA,241000,4791.6,sqft,,,,,,,,
1790337,3936 13th Ave S,55407,Minneapolis,MN,44.931217,-93.25654,325000,2,4,2059,SINGLE_FAMILY,FOR_SALE,-1,FALSE,FALSE,324800,2395,{'is_FSBA': True},FALSE,FALSE,FOR_SALE,325000,TRUE,FALSE,FALSE,USD,USA,288000,0.11,sqft,1.66659E+12,"$19,900 (Oct 24)",-19900,,,,,
1759639,3837 Thomas Ave S,55410,Minneapolis,MN,44.93271,-93.31381,599900,2,3,1578,SINGLE_FAMILY,FOR_SALE,-1,FALSE,FALSE,599700,2199,{'is_FSBA': True},FALSE,FALSE,FOR_SALE,599900,TRUE,FALSE,FALSE,USD,USA,505000,4356,sqft,1.66737E+12,"$50,000 (Nov 2)",-50000,,,,,
1749486,4404 45th Ave S,55406,Minneapolis,MN,44.923153,-93.20929,265000,1,2,1383,SINGLE_FAMILY,FOR_SALE,-1,FALSE,FALSE,264800,1896,{'is_FSBA': True},FALSE,FALSE,FOR_SALE,265000,TRUE,FALSE,FALSE,USD,USA,335000,5227.2,sqft,1.66366E+12,"$35,000 (Sep 20)",-35000,,,,,
1712990,620 37th Ave N,55412,Minneapolis,MN,45.022316,-93.28757,175000,3,4,1450,SINGLE_FAMILY,FOR_SALE,-1,FALSE,FALSE,174700,1950,{'is_FSBA': True},FALSE,FALSE,FOR_SALE,175000,TRUE,FALSE,FALSE,USD,USA,116000,3484.8,sqft,,,,,,,,
1920791,5720 Standish Ave,55417,Minneapolis,MN,44.899143,-93.240265,299000,2,3,1691,SINGLE_FAMILY,FOR_SALE,-1,FALSE,FALSE,298700,2182,{'is_FSBA': True},FALSE,FALSE,FOR_SALE,299000,TRUE,FALSE,FALSE,USD,USA,291000,5227.2,sqft,1.66737E+12,"$10,900 (Nov 2)",-10900,,,,,
71822122,700 Washington Ave N UNIT 620,55401,Minneapolis,MN,44.987984,-93.27665,549900,2,2,1551,CONDO,FOR_SALE,-1,FALSE,FALSE,549600,2495,{'is_FSBA': True},FALSE,FALSE,FOR_SALE,549900,TRUE,FALSE,FALSE,USD,USA,506500,,,,,,Unit 620,,,,
1790741,4012 16th Ave S,55407,Minneapolis,MN,44.92997,-93.25148,349900,2,4,1921,SINGLE_FAMILY,FOR_SALE,-1,FALSE,FALSE,349600,1997,{'is_FSBA': True},FALSE,FALSE,FOR_SALE,349900,TRUE,FALSE,FALSE,USD,USA,314000,5227.2,sqft,1.66703E+12,"$20,000 (Oct 29)",-20000,,,,,
1697112,3300 Buchanan St NE,55418,Minneapolis,MN,45.02778,-93.24004,200000,1,3,1020,SINGLE_FAMILY,FOR_SALE,-1,FALSE,FALSE,199600,1706,{'is_FSBA': True},FALSE,FALSE,FOR_SALE,200000,TRUE,FALSE,FALSE,USD,USA,219500,4791.6,sqft,,,,,,,,
1847486,3323 46th St W,55410,Minneapolis,MN,44.919495,-93.32251,524800,2,3,1738,SINGLE_FAMILY,FOR_SALE,-1,FALSE,FALSE,524400,2300,{'is_FSBA': True},FALSE,FALSE,FOR_SALE,524800,TRUE,FALSE,FALSE,USD,USA,397000,3484.8,sqft,,,,,,,,
1905354,5531 Grand Ave S,55419,Minneapolis,MN,44.902363,-93.284096,379900,2,4,1685,SINGLE_FAMILY,FOR_SALE,-1,FALSE,FALSE,379500,2197,{'is_FSBA': True},FALSE,FALSE,FOR_SALE,379900,TRUE,FALSE,FALSE,USD,USA,318000,5227.2,sqft,1.66746E+12,"$10,000 (Nov 3)",-10000,,,,,
1793767,2111 University Ave NE,55418,Minneapolis,MN,45.009556,-93.26265,425000,2,4,2100,MULTI_FAMILY,FOR_SALE,-1,FALSE,FALSE,424500,1699,{'is_FSBA': True},FALSE,FALSE,FOR_SALE,425000,TRUE,FALSE,FALSE,USD,USA,317000,6534,sqft,,,,,,,,
1850992,2608 Plymouth Ave N,55411,Minneapolis,MN,44.991802,-93.313835,120000,1,3,1350,SINGLE_FAMILY,FOR_SALE,-1,FALSE,FALSE,119500,1849,{'is_FSBA': True},FALSE,FALSE,FOR_SALE,120000,TRUE,FALSE,FALSE,USD,USA,163000,4356,sqft,,,,,,,,
1846748,5332 47th Ave S,55417,Minneapolis,MN,44.906178,-93.20667,349900,2,4,1806,SINGLE_FAMILY,FOR_SALE,-1,FALSE,FALSE,349300,2199,{'is_FSBA': True},FALSE,FALSE,FOR_SALE,349900,TRUE,FALSE,FALSE,USD,USA,308000,5227.2,sqft,1.66876E+12,"$10,000 (Nov 18)",-10000,,,,,
1760847,4212 Chowen Ave S,55410,Minneapolis,MN,44.926384,-93.325615,659000,3,5,3043,SINGLE_FAMILY,FOR_SALE,-1,FALSE,FALSE,658200,2690,{'is_FSBA': True},FALSE,FALSE,FOR_SALE,659000,TRUE,FALSE,FALSE,USD,USA,536000,5662.8,sqft,1.66737E+12,"$10,000 (Nov 2)",-10000,,,,,
1717632,3045 Humboldt Ave S,55408,Minneapolis,MN,44.946793,-93.30049,799900,4,4,2895,SINGLE_FAMILY,FOR_SALE,-1,FALSE,FALSE,798918,4009,{'is_FSBA': True},FALSE,FALSE,FOR_SALE,799900,TRUE,FALSE,FALSE,USD,USA,654000,6098.4,sqft,,,,,,,,
1773499,3539 Oliver Ave N,55412,Minneapolis,MN,45.019775,-93.307365,154900,2,5,1254,SINGLE_FAMILY,FOR_SALE,-1,FALSE,FALSE,153800,1649,{'is_FSBA': True},FALSE,FALSE,FOR_SALE,154900,TRUE,FALSE,FALSE,USD,USA,116000,5227.2,sqft,1.66599E+12,"$25,100 (Oct 17)",-25100,,,,,
61626507,2218 Nicollet Ave APT 36,55404,Minneapolis,MN,44.960175,-93.278366,120000,1,1,500,CONDO,FOR_SALE,-1,FALSE,FALSE,118800,999,{'is_FSBA': True},FALSE,FALSE,FOR_SALE,120000,TRUE,FALSE,FALSE,USD,USA,120000,0.3,acres,,,,Apt 36,,,,
67877554,301 Clifton Ave APT 2J,55403,Minneapolis,MN,44.96581,-93.28363,369900,2,2,1574,CONDO,FOR_SALE,-1,FALSE,FALSE,368600,1948,{'is_FSBA': True},FALSE,FALSE,FOR_SALE,369900,TRUE,FALSE,FALSE,USD,USA,376000,0.73,acres,1.57882E+12,,-10100,Apt 2J,,,,
1808220,4750 Aldrich Ave N,55430,Minneapolis,MN,45.041748,-93.28979,65000,1,1,696,SINGLE_FAMILY,FOR_SALE,-1,FALSE,FALSE,63700,1399,{'is_FSBA': True},FALSE,FALSE,FOR_SALE,65000,TRUE,FALSE,FALSE,USD,USA,98000,5227.2,sqft,1.66755E+12,"$10,000 (Nov 4)",-10000,,,,,
1846865,4716 W Lake Harriet Pkwy,55410,Minneapolis,MN,44.917465,-93.31399,2650000,4,3,4667,SINGLE_FAMILY,FOR_SALE,-1,FALSE,FALSE,2648600,13126,{'is_FSBA': True},FALSE,FALSE,FOR_SALE,2650000,TRUE,FALSE,FALSE,USD,USA,2078000,0.29,acres,,,,,,,,
2010478,2930 Blaisdell Ave APT 214,55408,Minneapolis,MN,44.9495,-93.28051,94500,1,1,865,CONDO,FOR_SALE,-1,FALSE,FALSE,93000,1300,{'is_FSBA': True},FALSE,FALSE,FOR_SALE,94500,TRUE,FALSE,FALSE,USD,USA,77000,0,sqft,,,,Apt 214,,,,
1719951,3754 Penn Ave N,55412,Minneapolis,MN,45.02383,-93.30795,79000,1,1,416,SINGLE_FAMILY,FOR_SALE,-1,FALSE,FALSE,77400,1095,{'is_FSBA': True},FALSE,FALSE,FOR_SALE,79000,TRUE,FALSE,FALSE,USD,USA,71000,5227.2,sqft,,,,,,,,
67875867,431 7th St S #2634,55415,Minneapolis,MN,44.973682,-93.2662,87000,1,0,467,CONDO,FOR_SALE,-1,FALSE,FALSE,85400,1099,{'is_FSBA': True},FALSE,FALSE,FOR_SALE,87000,TRUE,FALSE,FALSE,USD,USA,105000,1.17,acres,1.66443E+12,"$8,000 (Sep 29)",-8000,# 2634,,,,
1860457,5108 38th Ave S,55417,Minneapolis,MN,44.91047,-93.21812,264900,2,3,1162,SINGLE_FAMILY,FOR_SALE,-1,FALSE,FALSE,263300,1800,{'is_FSBA': True},FALSE,FALSE,FOR_SALE,264900,TRUE,FALSE,FALSE,USD,USA,219000,5227.2,sqft,,,,,,,,
1846720,5312 48th Ave S,55417,Minneapolis,MN,44.90673,-93.205376,324900,2,4,1801,SINGLE_FAMILY,FOR_SALE,-1,FALSE,FALSE,323100,1999,{'is_FSBA': True},FALSE,FALSE,FOR_SALE,324900,TRUE,FALSE,FALSE,USD,USA,295000,5227.2,sqft,1.66677E+12,"$10,000 (Oct 26)",-10000,,,,,
1861860,5349 45th Ave S,55417,Minneapolis,MN,44.905727,-93.208496,195000,1,1,565,SINGLE_FAMILY,FOR_SALE,-1,FALSE,FALSE,193200,1194,{'is_FSBA': True},FALSE,FALSE,FOR_SALE,195000,TRUE,FALSE,FALSE,USD,USA,144000,5227.2,sqft,1.66746E+12,"$20,000 (Nov 3)",-20000,,,,,
2000582,2425 Aldrich Ave S,55405,Minneapolis,MN,44.958218,-93.28895,439000,3,6,3054,MULTI_FAMILY,FOR_SALE,-1,FALSE,FALSE,437100,2799,{'is_FSBA': True},FALSE,FALSE,FOR_SALE,439000,TRUE,FALSE,FALSE,USD,USA,487000,5227.2,sqft,1.66651E+12,"$6,000 (Oct 23)",-6000,,,,,
1913966,19 S 1st St APT B508,55401,Minneapolis,MN,44.98305,-93.26573,149900,2,2,1080,CONDO,FOR_SALE,-1,FALSE,FALSE,147900,1950,{'is_FSBA': True},FALSE,FALSE,FOR_SALE,149900,TRUE,FALSE,FALSE,USD,USA,208500,,,,,,Apt B508,,,,
67877307,431 7th St S #2615,55415,Minneapolis,MN,44.973682,-93.2662,87900,1,0,446,CONDO,FOR_SALE,-1,FALSE,FALSE,85900,1099,{'is_FSBA': True},FALSE,FALSE,FOR_SALE,87900,TRUE,FALSE,FALSE,USD,USA,103500,,,1.65942E+12,,-22000,# 2615,,,,
1840263,1526 Emerson Ave N,55411,Minneapolis,MN,44.99508,-93.293816,175000,3,5,1526,SINGLE_FAMILY,FOR_SALE,-1,FALSE,FALSE,173000,2199,{'is_FSBA': True},FALSE,FALSE,FOR_SALE,175000,TRUE,FALSE,FALSE,USD,USA,189000,3920.4,sqft,1.66781E+12,"$15,000 (Nov 7)",-15000,,,,,
82651600,4325 Bryant Ave S #D001,55409,Minneapolis,MN,44.92443,-93.290474,115000,1,2,900,CONDO,FOR_SALE,-1,FALSE,FALSE,112876,1450,{'is_FSBA': True},FALSE,FALSE,FOR_SALE,115000,TRUE,FALSE,FALSE,USD,USA,143000,0.7,acres,1.66668E+12,"$9,900 (Oct 25)",-9900,# D001,,,,
1790541,4014 15th Ave S APT 10B,55407,Minneapolis,MN,44.92963,-93.254295,105000,1,1,654,CONDO,FOR_SALE,-1,FALSE,FALSE,102800,1194,{'is_FSBA': True},FALSE,FALSE,FOR_SALE,105000,TRUE,FALSE,FALSE,USD,USA,103000,3.66,acres,,,,Apt 10B,,,,
1705795,3603 Chicago Ave #3603,55407,Minneapolis,MN,44.93747,-93.26219,192500,2,2,1184,TOWNHOUSE,FOR_SALE,-1,FALSE,FALSE,190300,1745,{'is_FSBA': True},FALSE,FALSE,FOR_SALE,192500,TRUE,FALSE,FALSE,USD,USA,128000,0.3,acres,1.66729E+12,"$7,500 (Nov 1)",-7500,# 3603,,,,
1830753,1325 Grand St NE,55413,Minneapolis,MN,45.00149,-93.268814,415000,3,2,2616,SINGLE_FAMILY,FOR_SALE,-1,FALSE,FALSE,412500,2695,{'is_FSBA': True},FALSE,FALSE,FOR_SALE,415000,TRUE,FALSE,FALSE,USD,USA,339000,9147.6,sqft,,,,,,,,
62786597,824 24th Ave NE,55418,Minneapolis,MN,45.01197,-93.2497,235000,1,3,1092,SINGLE_FAMILY,FOR_SALE,-1,FALSE,FALSE,232377,1674,{'is_FSBA': True},FALSE,FALSE,FOR_SALE,235000,TRUE,FALSE,FALSE,USD,USA,210000,2178,sqft,1.66452E+12,"$10,000 (Sep 30)",-10000,,,,,
1774345,2719 Oliver Ave N,55411,Minneapolis,MN,45.008423,-93.30731,284900,2,3,1856,SINGLE_FAMILY,FOR_SALE,-1,FALSE,FALSE,282000,1495,{'is_newHome': True},FALSE,FALSE,FOR_SALE,284900,TRUE,FALSE,FALSE,USD,USA,106000,5227.2,sqft,,,,,,,BUILDER_SPEC,
1759426,4448 Edmund Blvd,55406,Minneapolis,MN,44.922085,-93.20501,675000,2,3,2548,SINGLE_FAMILY,FOR_SALE,-1,FALSE,FALSE,672100,4009,{'is_FSBA': True},FALSE,FALSE,FOR_SALE,675000,TRUE,FALSE,FALSE,USD,USA,597000,0.48,acres,1.66547E+12,"$24,900 (Oct 11)",-24900,,,,,
1773596,3323 Oliver Ave N,55412,Minneapolis,MN,45.015717,-93.30734,185000,3,3,1304,SINGLE_FAMILY,FOR_SALE,-1,FALSE,FALSE,182000,1699,{'is_FSBA': True},FALSE,FALSE,FOR_SALE,185000,TRUE,FALSE,FALSE,USD,USA,158000,4791.6,sqft,,,,,,,,
2001447,2840 Humboldt Ave S,55408,Minneapolis,MN,44.951008,-93.301186,850000,4,5,4538,SINGLE_FAMILY,FOR_SALE,-1,FALSE,FALSE,846900,3790,{'is_FSBA': True},FALSE,FALSE,FOR_SALE,850000,TRUE,FALSE,FALSE,USD,USA,713000,6534,sqft,,,,,,,,
1774348,2705 Oliver Ave N,55411,Minneapolis,MN,45.008076,-93.30731,284900,2,3,1856,SINGLE_FAMILY,FOR_SALE,-1,FALSE,FALSE,281600,2495,{'is_newHome': True},FALSE,FALSE,FOR_SALE,284900,TRUE,FALSE,FALSE,USD,USA,135200,5227.2,sqft,,,,,,,BUILDER_SPEC,
1774427,2609 Morgan Ave N,55411,Minneapolis,MN,45.006367,-93.30477,209900,2,4,1320,SINGLE_FAMILY,FOR_SALE,-1,FALSE,FALSE,206600,1900,{'is_FSBA': True},FALSE,FALSE,FOR_SALE,209900,TRUE,FALSE,FALSE,USD,USA,139000,5662.8,sqft,1.66798E+12,"$15,000 (Nov 9)",-15000,,,,,
1943731,1303 Yale Pl APT 5,55403,Minneapolis,MN,44.97202,-93.28033,140000,1,2,1255,CONDO,FOR_SALE,-1,FALSE,FALSE,136600,1794,{'is_FSBA': True},FALSE,FALSE,FOR_SALE,140000,TRUE,FALSE,FALSE,USD,USA,197000,0.49,acres,1.66668E+12,"$85,000 (Oct 25)",-85000,Apt 5,,,,
82641382,1701 Madison St NE UNIT 211,55413,Minneapolis,MN,45.005573,-93.2532,350000,1,2,1135,CONDO,FOR_SALE,-1,FALSE,FALSE,346434,1706,{'is_FSBA': True},FALSE,FALSE,FOR_SALE,350000,TRUE,FALSE,FALSE,USD,USA,315000,1.29,acres,1.66789E+12,"$15,000 (Nov 8)",-15000,Unit 211,,,,
88844659,655 Quincy St NE,55413,Minneapolis,MN,44.99665,-93.2508,425000,3,3,1568,SINGLE_FAMILY,FOR_SALE,-1,FALSE,FALSE,421400,2400,{'is_FSBA': True},FALSE,FALSE,FOR_SALE,425000,TRUE,FALSE,FALSE,USD,USA,419000,5227.2,sqft,1.66867E+12,"$25,000 (Nov 17)",-25000,,,,,
1837364,5118 Knox Ave S,55419,Minneapolis,MN,44.909912,-93.30266,950000,3,4,3013,SINGLE_FAMILY,FOR_SALE,-1,FALSE,FALSE,946400,4574,{'is_comingSoon': True},FALSE,FALSE,FOR_SALE,950000,TRUE,FALSE,FALSE,USD,USA,753000,6534,sqft,,,,,,,,
82651794,100 3rd Ave S UNIT 2804,55401,Minneapolis,MN,44.981926,-93.26265,675000,2,2,1202,CONDO,FOR_SALE,-1,FALSE,FALSE,671400,2333,{'is_FSBA': True},FALSE,FALSE,FOR_SALE,675000,TRUE,FALSE,FALSE,USD,USA,560000,0.94,acres,,,,Unit 2804,,,,1
1976995,2620 34th Ave S,55406,Minneapolis,MN,44.954807,-93.22332,250000,2,2,1266,SINGLE_FAMILY,FOR_SALE,-1,FALSE,FALSE,246300,1795,{'is_FSBA': True},FALSE,FALSE,FOR_SALE,250000,TRUE,FALSE,FALSE,USD,USA,187000,5662.8,sqft,,,,,,,,
1950646,807 Kenwood Pkwy,55403,Minneapolis,MN,44.968746,-93.298515,749000,3,2,1864,SINGLE_FAMILY,FOR_SALE,-1,FALSE,FALSE,745300,2100,{'is_FSBA': True},FALSE,FALSE,FOR_SALE,749000,TRUE,FALSE,FALSE,USD,USA,592000,3484.8,sqft,1.66755E+12,"$20,000 (Nov 4)",-20000,,,,,
1927778,1920 S 1st St APT 808,55454,Minneapolis,MN,44.975697,-93.24527,109900,1,1,650,CONDO,FOR_SALE,-1,FALSE,FALSE,106200,1300,{'is_FSBA': True},FALSE,FALSE,FOR_SALE,109900,TRUE,FALSE,FALSE,USD,USA,122500,0,sqft,,,,Apt 808,,,,
71818724,250 Park Ave UNIT 701,55415,Minneapolis,MN,44.977085,-93.259605,285000,1,1,991,CONDO,FOR_SALE,-1,FALSE,FALSE,281242,1898,{'is_FSBA': True},FALSE,FALSE,FOR_SALE,285000,TRUE,FALSE,FALSE,USD,USA,301500,0.64,acres,1.66746E+12,"$15,000 (Nov 3)",-15000,Unit 701,,,,
61626490,2218 Nicollet Ave APT 1,55404,Minneapolis,MN,44.96018,-93.27835,113000,1,1,474,CONDO,FOR_SALE,-1,FALSE,FALSE,109200,999,{'is_FSBA': True},FALSE,FALSE,FOR_SALE,113000,TRUE,FALSE,FALSE,USD,USA,114000,0.3,acres,1.66763E+12,"$2,000 (Nov 5)",-2000,Apt 1,,,,
1927865,1920 S 1st St APT 1901,55454,Minneapolis,MN,44.975697,-93.24527,164900,2,2,1090,CONDO,FOR_SALE,-1,FALSE,FALSE,161000,1745,{'is_FSBA': True},FALSE,FALSE,FOR_SALE,164900,TRUE,FALSE,FALSE,USD,USA,213000,0,sqft,,,,Apt 1901,,,,
1921562,333 8th St SE APT 208,55414,Minneapolis,MN,44.99055,-93.246635,125000,1,1,665,CONDO,FOR_SALE,-1,FALSE,FALSE,121000,1345,{'is_FSBA': True},FALSE,FALSE,FOR_SALE,125000,TRUE,FALSE,FALSE,USD,USA,134000,0.85,acres,,,,Apt 208,,,,
1906637,660 N 2nd St UNIT 307,55401,Minneapolis,MN,44.988537,-93.27515,289900,1,2,860,CONDO,FOR_SALE,-1,FALSE,FALSE,285900,1794,{'is_FSBA': True},FALSE,FALSE,FOR_SALE,289900,TRUE,FALSE,FALSE,USD,USA,247000,,,,,,Unit 307,,,,
1794421,826 20th Ave NE,55418,Minneapolis,MN,45.008636,-93.24972,190000,2,4,1488,MULTI_FAMILY,FOR_SALE,-1,FALSE,FALSE,185900,1678,{'is_FSBA': True},FALSE,FALSE,FOR_SALE,190000,TRUE,FALSE,FALSE,USD,USA,189000,5662.8,sqft,1.66859E+12,"$10,000 (Nov 16)",-10000,,,,,
71818668,250 Park Ave UNIT 203,55415,Minneapolis,MN,44.977085,-93.259605,459900,2,2,1528,CONDO,FOR_SALE,-1,FALSE,FALSE,455700,2169,{'is_FSBA': True},FALSE,FALSE,FOR_SALE,459900,TRUE,FALSE,FALSE,USD,USA,439000,,,,,,Unit 203,,,,
1808414,4818 Dupont Ave N,55430,Minneapolis,MN,45.04267,-93.29363,129900,1,1,800,SINGLE_FAMILY,FOR_SALE,-1,FALSE,FALSE,125700,1399,{'is_FSBA': True},FALSE,FALSE,FOR_SALE,129900,TRUE,FALSE,FALSE,USD,USA,120000,5227.2,sqft,1.66893E+12,"$10,000 (Nov 20)",-10000,,,,,
1773668,3307 Logan Ave N,55412,Minneapolis,MN,45.01528,-93.30356,149900,1,2,822,SINGLE_FAMILY,FOR_SALE,-1,FALSE,FALSE,145600,1399,{'is_FSBA': True},FALSE,FALSE,FOR_SALE,149900,TRUE,FALSE,FALSE,USD,USA,120000,5227.2,sqft,1.6691E+12,"$15,099 (Nov 22)",-15099,,,,,
1705650,3748 Elliot Ave,55407,Minneapolis,MN,44.934517,-93.26159,200000,1,3,1255,SINGLE_FAMILY,FOR_SALE,-1,FALSE,FALSE,195600,1800,{'is_FSBA': True},FALSE,FALSE,FOR_SALE,200000,TRUE,FALSE,FALSE,USD,USA,252000,4791.6,sqft,,,,,,,,
1850153,2100 Queen Ave N,55411,Minneapolis,MN,45.000725,-93.30923,194900,1,3,1278,SINGLE_FAMILY,FOR_SALE,-1,FALSE,FALSE,190500,1394,{'is_FSBA': True},FALSE,FALSE,FOR_SALE,194900,TRUE,FALSE,FALSE,USD,USA,124000,2613.6,sqft,,,,,,,,
1790329,1215 39th St E,55407,Minneapolis,MN,44.932148,-93.2567,159900,2,2,1052,SINGLE_FAMILY,FOR_SALE,-1,FALSE,FALSE,155400,1759,{'is_FSBA': True},FALSE,FALSE,FOR_SALE,159900,TRUE,FALSE,FALSE,USD,USA,175000,3049.2,sqft,1.66859E+12,"$5,100 (Nov 16)",-5100,,,,,
1805190,2314 Benjamin St NE,55418,Minneapolis,MN,45.01186,-93.229805,299900,1,3,1598,SINGLE_FAMILY,FOR_SALE,-1,FALSE,FALSE,295300,1999,{'is_FSBA': True},FALSE,FALSE,FOR_SALE,299900,TRUE,FALSE,FALSE,USD,USA,279000,5227.2,sqft,,,,,,,,
1792534,4323 12th Ave S,55407,Minneapolis,MN,44.92436,-93.25709,299900,2,3,1353,SINGLE_FAMILY,FOR_SALE,-1,FALSE,FALSE,295300,1896,{'is_FSBA': True},FALSE,FALSE,FOR_SALE,299900,TRUE,FALSE,FALSE,USD,USA,275000,4356,sqft,,,,,,,,
82650735,3016 James Ave S APT 101,55408,Minneapolis,MN,44.947693,-93.30374,295000,1,2,1207,CONDO,FOR_SALE,-1,FALSE,FALSE,290390,1800,{'is_FSBA': True},FALSE,FALSE,FOR_SALE,295000,TRUE,FALSE,FALSE,USD,USA,292000,6098.4,sqft,1.66859E+12,"$4,999 (Nov 16)",-4999,Apt 101,,,,
2001534,1425 W 28th St APT 322,55408,Minneapolis,MN,44.95214,-93.29956,285000,2,2,1640,CONDO,FOR_SALE,-1,FALSE,FALSE,280300,1300,{'is_FSBA': True},FALSE,FALSE,FOR_SALE,285000,TRUE,FALSE,FALSE,USD,USA,151000,,,1.66781E+12,"$20,000 (Nov 7)",-20000,Apt 322,,,,
1846733,5353 47th Ave S,55417,Minneapolis,MN,44.905636,-93.20595,290000,2,3,1094,SINGLE_FAMILY,FOR_SALE,-1,FALSE,FALSE,285300,1900,{'is_FSBA': True},FALSE,FALSE,FOR_SALE,290000,TRUE,FALSE,FALSE,USD,USA,247000,5227.2,sqft,,,,,,,,
1712956,3812 Lyndale Ave N,55412,Minneapolis,MN,45.02432,-93.287636,329900,2,3,1302,SINGLE_FAMILY,FOR_SALE,-1,FALSE,FALSE,325200,2398,{'is_FSBA': True},FALSE,FALSE,FOR_SALE,329900,TRUE,FALSE,FALSE,USD,USA,149000,9583.2,sqft,,,,,,,,
1848764,5349 Beard Ave S,55410,Minneapolis,MN,44.905636,-93.32354,810000,4,4,3430,SINGLE_FAMILY,FOR_SALE,-1,FALSE,FALSE,805200,2499,{'is_FSBA': True},FALSE,FALSE,FOR_SALE,810000,TRUE,FALSE,FALSE,USD,USA,587000,5227.2,sqft,1.66876E+12,"$10,000 (Nov 18)",-10000,,,,,
1840033,1802 Bryant Ave N,55411,Minneapolis,MN,44.99757,-93.290764,230000,3,3,1281,SINGLE_FAMILY,FOR_SALE,-1,FALSE,FALSE,225100,1699,{'is_FSBA': True},FALSE,FALSE,FOR_SALE,230000,TRUE,FALSE,FALSE,USD,USA,212000,4356,sqft,,,,,,,,
1736974,3441 34th Ave S,55406,Minneapolis,MN,44.940014,-93.22258,299900,1,2,1120,SINGLE_FAMILY,FOR_SALE,-1,FALSE,FALSE,294902,1499,{'is_FSBA': True},FALSE,FALSE,FOR_SALE,299900,TRUE,FALSE,FALSE,USD,USA,258000,5227.2,sqft,,,,,,,,
1763760,2911 Upton Ave N,55411,Minneapolis,MN,45.009903,-93.31489,193000,2,3,1398,SINGLE_FAMILY,FOR_SALE,-1,FALSE,FALSE,188000,1708,{'is_FSBA': True},FALSE,FALSE,FOR_SALE,193000,TRUE,FALSE,FALSE,USD,USA,206000,10454.4,sqft,1.66841E+12,"$7,000 (Nov 14)",-7000,,,,,
1873820,3412 55th St E,55417,Minneapolis,MN,44.90384,-93.222115,255000,2,2,1278,SINGLE_FAMILY,FOR_SALE,-1,FALSE,FALSE,250000,1599,{'is_FSBA': True},FALSE,FALSE,FOR_SALE,255000,TRUE,FALSE,FALSE,USD,USA,231000,6969.6,sqft,,,,,,,,
1805676,1938 McKinley St NE,55418,Minneapolis,MN,45.008945,-93.228546,295000,3,3,1516,SINGLE_FAMILY,FOR_SALE,-1,FALSE,FALSE,290000,1998,{'is_FSBA': True},FALSE,FALSE,FOR_SALE,295000,TRUE,FALSE,FALSE,USD,USA,248000,5227.2,sqft,1.66859E+12,"$15,000 (Nov 16)",-15000,,,,,
2001132,2538 Humboldt Ave S APT 5,55405,Minneapolis,MN,44.956116,-93.29865,375000,1,3,1651,CONDO,FOR_SALE,-1,FALSE,FALSE,369900,1998,{'is_FSBA': True},FALSE,FALSE,FOR_SALE,375000,TRUE,FALSE,FALSE,USD,USA,366000,0.41,acres,,,,Apt 5,,,,
1791767,4241 10th Ave S,55407,Minneapolis,MN,44.925625,-93.25963,299900,1,2,1324,SINGLE_FAMILY,FOR_SALE,-1,FALSE,FALSE,294700,1794,{'is_FSBA': True},FALSE,FALSE,FOR_SALE,299900,TRUE,FALSE,FALSE,USD,USA,294000,5227.2,sqft,1.66737E+12,"$25,100 (Nov 2)",-25100,,,,,
1828872,4925 2nd Ave S,55419,Minneapolis,MN,44.913387,-93.27381,239900,1,2,714,SINGLE_FAMILY,FOR_SALE,-1,FALSE,FALSE,234700,1394,{'is_FSBA': True},FALSE,FALSE,FOR_SALE,239900,TRUE,FALSE,FALSE,USD,USA,205000,5227.2,sqft,,,,,,,,
88833661,3104 W Lake St UNIT 305,55416,Minneapolis,MN,44.94893,-93.319,324900,2,2,1271,CONDO,FOR_SALE,-1,FALSE,FALSE,319591,1924,{'is_FSBA': True},FALSE,FALSE,FOR_SALE,324900,TRUE,FALSE,FALSE,USD,USA,336000,2.26,acres,1.66495E+12,"$14,100 (Oct 5)",-14100,Unit 305,,,,
1920057,5424 25th Ave S,55417,Minneapolis,MN,44.9045,-93.2365,379000,2,5,1570,SINGLE_FAMILY,FOR_SALE,-1,FALSE,FALSE,373600,2249,{'is_FSBA': True},FALSE,FALSE,FOR_SALE,379000,TRUE,FALSE,FALSE,USD,USA,291000,5227.2,sqft,1.66798E+12,"$46,000 (Nov 9)",-46000,,,,,
1943986,400 Groveland Ave APT 311,55403,Minneapolis,MN,44.96616,-93.28525,159900,2,2,978,CONDO,FOR_SALE,-1,FALSE,FALSE,154200,1594,{'is_FSBA': True},FALSE,FALSE,FOR_SALE,159900,TRUE,FALSE,FALSE,USD,USA,202000,,,1.6691E+12,"$5,100 (Nov 22)",-5100,Apt 311,,,,
2009964,2616 Pillsbury Ave,55408,Minneapolis,MN,44.954887,-93.281784,490000,2,4,2437,SINGLE_FAMILY,FOR_SALE,-1,FALSE,FALSE,484300,2499,{'is_FSBA': True},FALSE,FALSE,FOR_SALE,490000,TRUE,FALSE,FALSE,USD,USA,471000,5227.2,sqft,1.66798E+12,"$5,000 (Nov 9)",-5000,,,,,
1782392,4330 Wentworth Ave,55409,Minneapolis,MN,44.924057,-93.2809,342499,2,3,1420,SINGLE_FAMILY,FOR_SALE,-1,FALSE,FALSE,336600,1900,{'is_FSBA': True},FALSE,FALSE,FOR_SALE,342499,TRUE,FALSE,FALSE,USD,USA,319000,5227.2,sqft,1.66962E+12,"$2,500 (Nov 28)",-2500,,,,,
71814790,250 Park Ave UNIT 411,55415,Minneapolis,MN,44.977085,-93.259605,275000,1,2,1030,CONDO,FOR_SALE,-1,FALSE,FALSE,269021,1995,{'is_FSBA': True},FALSE,FALSE,FOR_SALE,275000,TRUE,FALSE,FALSE,USD,USA,300000,0.64,acres,1.66781E+12,"$14,000 (Nov 7)",-14000,Unit 411,,,,
1838990,2506 Logan Ave N,55411,Minneapolis,MN,45.005367,-93.302826,199000,1,2,904,SINGLE_FAMILY,FOR_SALE,-1,FALSE,FALSE,193000,1450,{'is_FSBA': True},FALSE,FALSE,FOR_SALE,199000,TRUE,FALSE,FALSE,USD,USA,187000,4791.6,sqft,,,,,,,,
1728213,3843 Russell Ave N,55412,Minneapolis,MN,45.02531,-93.31127,299900,2,3,1416,SINGLE_FAMILY,FOR_SALE,-1,FALSE,FALSE,293900,1895,{'is_FSBA': True},FALSE,FALSE,FOR_SALE,299900,TRUE,FALSE,FALSE,USD,USA,286000,5227.2,sqft,,,,,,,,
1774888,3009 Emerson Ave N,55411,Minneapolis,MN,45.011707,-93.29467,239900,2,6,1876,SINGLE_FAMILY,FOR_SALE,-1,FALSE,FALSE,233800,1983,{'is_FSBA': True},FALSE,FALSE,FOR_SALE,239900,TRUE,FALSE,FALSE,USD,USA,142000,9147.6,sqft,,,,,,,,
1792161,4501 Portland Ave,55407,Minneapolis,MN,44.921383,-93.267235,394900,2,4,2456,SINGLE_FAMILY,FOR_SALE,-1,FALSE,FALSE,388800,1995,{'is_FSBA': True},FALSE,FALSE,FOR_SALE,394900,TRUE,FALSE,FALSE,USD,USA,382000,4791.6,sqft,1.66859E+12,"$5,000 (Nov 16)",-5000,,,,,
2000568,2521 Dupont Ave S,55405,Minneapolis,MN,44.956635,-93.29278,374900,2,4,1800,SINGLE_FAMILY,FOR_SALE,-1,FALSE,FALSE,368774,2549,{'is_FSBA': True},FALSE,FALSE,FOR_SALE,374900,TRUE,FALSE,FALSE,USD,USA,398000,5227.2,sqft,1.66297E+12,"$25,000 (Sep 12)",-25000,,,,,
1771430,815 38th St W,55409,Minneapolis,MN,44.93391,-93.290245,280000,2,2,1080,SINGLE_FAMILY,FOR_SALE,-1,FALSE,FALSE,273800,1694,{'is_FSBA': True},FALSE,FALSE,FOR_SALE,280000,TRUE,FALSE,FALSE,USD,USA,254000,2613.6,sqft,1.37517E+12,,80100,,,,,
1928280,810 29th Ave S,55454,Minneapolis,MN,44.964832,-93.23027,399900,2,5,2203,SINGLE_FAMILY,FOR_SALE,-1,FALSE,FALSE,393700,2441,{'is_FSBA': True},FALSE,FALSE,FOR_SALE,399900,TRUE,FALSE,FALSE,USD,USA,316800,6534,sqft,1.6685E+12,"$10,000 (Nov 15)",-10000,,,,,
2016857,2428 10th Ave S,55404,Minneapolis,MN,44.958157,-93.26036,314000,3,4,2000,SINGLE_FAMILY,FOR_SALE,-1,FALSE,FALSE,307800,2214,{'is_FSBA': True},FALSE,FALSE,FOR_SALE,314000,TRUE,FALSE,FALSE,USD,USA,260000,5227.2,sqft,1.66746E+12,"$5,000 (Nov 3)",-5000,,,,,
1818979,4616 Chicago Ave,55407,Minneapolis,MN,44.919083,-93.26299,239500,1,2,1206,SINGLE_FAMILY,FOR_SALE,-1,FALSE,FALSE,233200,1699,{'is_FSBA': True},FALSE,FALSE,FOR_SALE,239500,TRUE,FALSE,FALSE,USD,USA,267000,4791.6,sqft,1.6685E+12,"$10,500 (Nov 15)",-10500,,,,,
1711536,218 33rd St W,55408,Minneapolis,MN,44.94319,-93.28221,289000,2,2,1587,SINGLE_FAMILY,FOR_SALE,-1,FALSE,FALSE,282700,1995,{'is_FSBA': True},FALSE,FALSE,FOR_SALE,289000,TRUE,FALSE,FALSE,USD,USA,351000,4791.6,sqft,,,,,,,,
82644896,2942 Knox Ave N,55411,Minneapolis,MN,45.010822,-93.30154,298000,3,4,1672,SINGLE_FAMILY,FOR_SALE,-1,FALSE,FALSE,291500,2684,{'is_FSBA': True},FALSE,FALSE,FOR_SALE,298000,TRUE,FALSE,FALSE,USD,USA,239000,0.12,sqft,,,,,,,,
1991368,3141 Dean Ct APT 703,55416,Minneapolis,MN,44.950798,-93.31986,389500,3,2,1716,CONDO,FOR_SALE,-1,FALSE,FALSE,382800,2600,{'is_FSBA': True},FALSE,FALSE,FOR_SALE,389500,TRUE,FALSE,FALSE,USD,USA,405000,,,1.66573E+12,"$20,400 (Oct 14)",-20400,Apt 703,,,,
1773790,3323 Humboldt Ave N,55412,Minneapolis,MN,45.015705,-93.29848,224900,1,4,2543,SINGLE_FAMILY,FOR_SALE,-1,FALSE,FALSE,218200,2199,{'is_FSBA': True},FALSE,FALSE,FOR_SALE,224900,TRUE,FALSE,FALSE,USD,USA,183000,5662.8,sqft,1.66859E+12,"$5,100 (Nov 16)",-5100,,,,,
1977332,2701 40th Ave S,55406,Minneapolis,MN,44.953598,-93.21508,195000,1,2,818,SINGLE_FAMILY,FOR_SALE,-1,FALSE,FALSE,188300,1450,{'is_FSBA': True},FALSE,FALSE,FOR_SALE,195000,TRUE,FALSE,FALSE,USD,USA,226000,3920.4,sqft,,,,,,,,
1818214,4725 18th Ave S,55407,Minneapolis,MN,44.917076,-93.24821,438000,2,3,1732,SINGLE_FAMILY,FOR_SALE,-1,FALSE,FALSE,431200,2250,{'is_FSBA': True},FALSE,FALSE,FOR_SALE,438000,TRUE,FALSE,FALSE,USD,USA,408000,5227.2,sqft,1.66841E+12,"$12,000 (Nov 14)",-12000,,,,,
1804345,2501 Buchanan St NE,55418,Minneapolis,MN,45.01339,-93.23934,309900,3,3,2685,SINGLE_FAMILY,FOR_SALE,-1,FALSE,FALSE,303100,2100,{'is_FSBA': True},FALSE,FALSE,FOR_SALE,309900,TRUE,FALSE,FALSE,USD,USA,313000,10018.8,sqft,1.66876E+12,"$15,000 (Nov 18)",-15000,,,,,
61623847,560 N 2nd St APT 108,55401,Minneapolis,MN,44.987743,-93.27403,375000,2,2,1276,CONDO,FOR_SALE,-1,FALSE,FALSE,368200,2465,{'is_FSBA': True},FALSE,FALSE,FOR_SALE,375000,TRUE,FALSE,FALSE,USD,USA,373000,,,1.66564E+12,"$14,000 (Oct 13)",-14000,Apt 108,,,,
1726880,4238 Upton Ave N,55412,Minneapolis,MN,45.0327,-93.31453,275000,2,3,2164,SINGLE_FAMILY,FOR_SALE,-1,FALSE,FALSE,268100,2400,{'is_FSBA': True},FALSE,FALSE,FOR_SALE,275000,TRUE,FALSE,FALSE,USD,USA,229000,6098.4,sqft,1.66815E+12,"$24,000 (Nov 11)",-24000,,,,,
1783814,2830 Grand St NE,55418,Minneapolis,MN,45.01951,-93.270485,280000,2,3,1450,SINGLE_FAMILY,FOR_SALE,-1,FALSE,FALSE,273100,1800,{'is_FSBA': True},FALSE,FALSE,FOR_SALE,280000,TRUE,FALSE,FALSE,USD,USA,140000,4791.6,sqft,1.66859E+12,"$15,000 (Nov 16)",-15000,,,,,
1800886,4023 26th Ave S,55406,Minneapolis,MN,44.929703,-93.2343,269900,1,3,1952,SINGLE_FAMILY,FOR_SALE,-1,FALSE,FALSE,262900,2195,{'is_FSBA': True},FALSE,FALSE,FOR_SALE,269900,TRUE,FALSE,FALSE,USD,USA,250000,5227.2,sqft,1.66902E+12,"$5,100 (Nov 21)",-5100,,,,,
1794161,695 24th Ave NE,55418,Minneapolis,MN,45.012432,-93.25271,350000,2,4,2127,MULTI_FAMILY,FOR_SALE,-1,FALSE,FALSE,343000,2199,{'is_FSBA': True},FALSE,FALSE,FOR_SALE,350000,TRUE,FALSE,FALSE,USD,USA,288000,10454.4,sqft,1.66902E+12,"$20,000 (Nov 21)",-20000,,,,,
1804153,1104 26th Ave NE,55418,Minneapolis,MN,45.014763,-93.24345,223900,2,4,1444,SINGLE_FAMILY,FOR_SALE,-1,FALSE,FALSE,216800,1983,{'is_FSBA': True},FALSE,FALSE,FOR_SALE,223900,TRUE,FALSE,FALSE,USD,USA,229000,2613.6,sqft,1.66867E+12,$800 (Nov 17),-800,,,,,
1783430,4214 1st Ave S,55409,Minneapolis,MN,44.92629,-93.27699,384900,2,3,2556,SINGLE_FAMILY,FOR_SALE,-1,FALSE,FALSE,377800,2199,{'is_FSBA': True},FALSE,FALSE,FOR_SALE,384900,TRUE,FALSE,FALSE,USD,USA,320000,5227.2,sqft,,,,,,,,
1818569,4820 14th Ave S,55417,Minneapolis,MN,44.915375,-93.25533,364900,2,3,1627,SINGLE_FAMILY,FOR_SALE,-1,FALSE,FALSE,357800,2199,{'is_FSBA': True},FALSE,FALSE,FOR_SALE,364900,TRUE,FALSE,FALSE,USD,USA,351000,5662.8,sqft,,,,,,,,
1819030,4601 Portland Ave,55407,Minneapolis,MN,44.91955,-93.267265,419900,2,4,2464,SINGLE_FAMILY,FOR_SALE,-1,FALSE,FALSE,412700,2494,{'is_FSBA': True},FALSE,FALSE,FOR_SALE,419900,TRUE,FALSE,FALSE,USD,USA,296000,6534,sqft,1.66599E+12,"$20,000 (Oct 17)",-20000,,,,,
2022686,2918 25th St E,55406,Minneapolis,MN,44.957615,-93.2289,285000,1,2,875,SINGLE_FAMILY,FOR_SALE,-1,FALSE,FALSE,277800,1399,{'is_FSBA': True},FALSE,FALSE,FOR_SALE,285000,TRUE,FALSE,FALSE,USD,USA,247000,2613.6,sqft,1.66867E+12,"$14,900 (Nov 17)",-14900,,,,,
1950648,825 Kenwood Pkwy,55403,Minneapolis,MN,44.96892,-93.29919,849000,2,3,2156,SINGLE_FAMILY,FOR_SALE,-1,FALSE,FALSE,841743,4231,{'is_FSBA': True},FALSE,FALSE,FOR_SALE,849000,TRUE,FALSE,FALSE,USD,USA,756000,0.26,acres,1.66297E+12,"$26,000 (Sep 12)",-26000,,,,,
2001837,2625 Bryant Ave S,55408,Minneapolis,MN,44.954754,-93.29025,399900,3,4,2920,SINGLE_FAMILY,FOR_SALE,-1,FALSE,FALSE,392629,2999,{'is_FSBA': True},FALSE,FALSE,FOR_SALE,399900,TRUE,FALSE,FALSE,USD,USA,490500,5227.2,sqft,1.66625E+12,"$10,000 (Oct 20)",-10000,,,,,
1762049,3439 Thomas Ave N,55412,Minneapolis,MN,45.018005,-93.313705,184900,2,4,1094,SINGLE_FAMILY,FOR_SALE,-1,FALSE,FALSE,177500,1724,{'is_FSBA': True},FALSE,FALSE,FOR_SALE,184900,TRUE,FALSE,FALSE,USD,USA,159000,5227.2,sqft,1.66833E+12,,5000,,,,,
1704023,3024 17th Ave S,55407,Minneapolis,MN,44.94749,-93.25034,275000,2,3,1390,SINGLE_FAMILY,FOR_SALE,-1,FALSE,FALSE,267600,1950,{'is_FSBA': True},FALSE,FALSE,FOR_SALE,275000,TRUE,FALSE,FALSE,USD,USA,247000,5227.2,sqft,1.66781E+12,"$10,000 (Nov 7)",-10000,,,,,
1829185,4623 Pleasant Ave,55419,Minneapolis,MN,44.918686,-93.28274,375000,1,5,2121,SINGLE_FAMILY,FOR_SALE,-1,FALSE,FALSE,367600,1900,{'is_FSBA': True},FALSE,FALSE,FOR_SALE,375000,TRUE,FALSE,FALSE,USD,USA,314000,5662.8,sqft,,,,,,,,
1820553,5324 Bloomington Ave,55417,Minneapolis,MN,44.906246,-93.25286,329990,2,4,2150,SINGLE_FAMILY,FOR_SALE,-1,FALSE,FALSE,322400,2398,{'is_FSBA': True},FALSE,FALSE,FOR_SALE,329990,TRUE,FALSE,FALSE,USD,USA,369000,4791.6,sqft,1.66426E+12,"$35,010 (Sep 27)",-35010,,,,,
1804944,1930 Buchanan St NE,55418,Minneapolis,MN,45.008865,-93.24009,399500,3,5,2045,SINGLE_FAMILY,FOR_SALE,-1,FALSE,FALSE,391900,1900,{'is_FSBA': True},FALSE,FALSE,FOR_SALE,399500,TRUE,FALSE,FALSE,USD,USA,282000,6534,sqft,1.6685E+12,"$25,000 (Nov 15)",-25000,,,,,
1711242,3140 Garfield Ave,55408,Minneapolis,MN,44.94515,-93.2872,317500,3,3,2143,SINGLE_FAMILY,FOR_SALE,-1,FALSE,FALSE,309900,2499,{'is_FSBA': True},FALSE,FALSE,FOR_SALE,317500,TRUE,FALSE,FALSE,USD,USA,331000,5227.2,sqft,1.66876E+12,"$16,805 (Nov 18)",-16805,,,,,
1726758,4230 Washburn Ave N,55412,Minneapolis,MN,45.03242,-93.31708,230000,1,2,1125,SINGLE_FAMILY,FOR_SALE,-1,FALSE,FALSE,222100,1425,{'is_FSBA': True},FALSE,FALSE,FOR_SALE,230000,TRUE,FALSE,FALSE,USD,USA,236000,6534,sqft,1.66833E+12,"$12,500 (Nov 13)",-12500,,,,,
1796092,5100 Thomas Ave N,55430,Minneapolis,MN,45.047955,-93.31422,255000,1,2,936,SINGLE_FAMILY,FOR_SALE,-1,FALSE,FALSE,247100,1494,{'is_FSBA': True},FALSE,FALSE,FOR_SALE,255000,TRUE,FALSE,FALSE,USD,USA,234000,0.43,acres,,,,,,,,
2023315,2901 29th Ave S,55406,Minneapolis,MN,44.949993,-93.229675,286000,1,3,1304,SINGLE_FAMILY,FOR_SALE,-1,FALSE,FALSE,278000,1849,{'is_FSBA': True},FALSE,FALSE,FOR_SALE,286000,TRUE,FALSE,FALSE,USD,USA,167000,0.09,sqft,,,,,,,,
1830521,5200 Hampshire Dr,55419,Minneapolis,MN,44.908707,-93.270004,649900,2,4,2170,SINGLE_FAMILY,FOR_SALE,-1,FALSE,FALSE,641900,2094,{'is_FSBA': True},FALSE,FALSE,FOR_SALE,649900,TRUE,FALSE,FALSE,USD,USA,615000,0.29,acres,,,,,,,,
88841772,2900 University Ave SE APT 409,55414,Minneapolis,MN,44.970657,-93.21541,259000,2,2,1023,CONDO,FOR_SALE,-1,FALSE,FALSE,251000,2295,{'is_FSBA': True},FALSE,FALSE,FOR_SALE,259000,TRUE,FALSE,FALSE,USD,USA,237000,0.65,acres,,,,Apt 409,,,,
1977745,2804 43rd Ave S,55406,Minneapolis,MN,44.951637,-93.21186,524900,2,4,2140,SINGLE_FAMILY,FOR_SALE,-1,FALSE,FALSE,516800,2400,{'is_comingSoon': True},FALSE,FALSE,FOR_SALE,524900,TRUE,FALSE,FALSE,USD,USA,406000,5227.2,sqft,,,,,,,,
1836474,4644 Lyndale Ave S,55419,Minneapolis,MN,44.918217,-93.28876,374900,2,3,1778,SINGLE_FAMILY,FOR_SALE,-1,FALSE,FALSE,366800,2195,{'is_FSBA': True},FALSE,FALSE,FOR_SALE,374900,TRUE,FALSE,FALSE,USD,USA,428000,0.11,sqft,1.6672E+12,"$24,100 (Oct 31)",-24100,,,,,
61624211,221 1st Ave NE APT 6,55413,Minneapolis,MN,44.98977,-93.257935,715000,4,3,2270,TOWNHOUSE,FOR_SALE,-1,FALSE,FALSE,706837,3747,{'is_FSBA': True},FALSE,FALSE,FOR_SALE,715000,TRUE,FALSE,FALSE,USD,USA,661000,1742.4,sqft,1.66469E+12,"$20,000 (Oct 2)",-20000,Apt 6,,,,
1705133,3416 10th Ave S,55407,Minneapolis,MN,44.94073,-93.26041,485000,2,3,2311,SINGLE_FAMILY,FOR_SALE,-1,FALSE,FALSE,476600,2299,{'is_FSBA': True},FALSE,FALSE,FOR_SALE,485000,TRUE,FALSE,FALSE,USD,USA,405000,5227.2,sqft,,,,,,,,
1717138,3140 Bryant Ave S APT 4,55408,Minneapolis,MN,44.945156,-93.29103,193000,1,1,750,CONDO,FOR_SALE,-1,FALSE,FALSE,184600,1325,{'is_FSBA': True},FALSE,FALSE,FOR_SALE,193000,TRUE,FALSE,FALSE,USD,USA,189000,,,,,,Apt 4,,,,
88839993,929 Portland Ave APT 501,55404,Minneapolis,MN,44.97114,-93.26569,425000,2,2,1200,CONDO,FOR_SALE,-1,FALSE,FALSE,416400,2165,{'is_FSBA': True},FALSE,FALSE,FOR_SALE,425000,TRUE,FALSE,FALSE,USD,USA,322000,1.02,acres,,,,Apt 501,,,,
1977356,2716 41st Ave S,55406,Minneapolis,MN,44.95313,-93.21441,269900,1,1,1364,MULTI_FAMILY,FOR_SALE,-1,FALSE,FALSE,261300,1898,{'is_FSBA': True},FALSE,FALSE,FOR_SALE,269900,TRUE,FALSE,FALSE,USD,USA,319000,5227.2,sqft,,,,,,,,
61621269,3327 Humboldt Ave S #B,55408,Minneapolis,MN,44.94203,-93.300514,475000,2,3,2061,MULTI_FAMILY,FOR_SALE,-1,FALSE,FALSE,466400,1900,{'is_FSBA': True},FALSE,FALSE,FOR_SALE,475000,TRUE,FALSE,FALSE,USD,USA,424000,5227.2,sqft,1.66271E+12,"$40,000 (Sep 9)",-40000,# B,,,,
1760772,4231 Abbott Ave S,55410,Minneapolis,MN,44.925774,-93.32232,594900,2,2,2326,SINGLE_FAMILY,FOR_SALE,-1,FALSE,FALSE,586300,1849,{'is_FSBA': True},FALSE,FALSE,FOR_SALE,594900,TRUE,FALSE,FALSE,USD,USA,491000,5662.8,sqft,,,,,,,,
1977271,2917 34th Ave S,55406,Minneapolis,MN,44.94957,-93.22257,299999,1,2,1129,SINGLE_FAMILY,FOR_SALE,-1,FALSE,FALSE,291300,1494,"{'is_openHouse': True, 'is_comingSoon': True}",FALSE,FALSE,FOR_SALE,299999,TRUE,FALSE,FALSE,USD,USA,240000,4791.6,sqft,,,,,Sat. 11am-1pm,"{'open_house_showing': [{'open_house_start': 1670094000000, 'open_house_end': 1670101200000}]}",,
1698044,3206 McKinley St NE,55418,Minneapolis,MN,45.026142,-93.22852,275000,1,3,1574,SINGLE_FAMILY,FOR_SALE,-1,FALSE,FALSE,266300,1494,{'is_FSBA': True},FALSE,FALSE,FOR_SALE,275000,TRUE,FALSE,FALSE,USD,USA,248000,5227.2,sqft,,,,,,,,
1897811,916 Newton Ave N,55411,Minneapolis,MN,44.98749,-93.30539,284900,2,3,1710,SINGLE_FAMILY,FOR_SALE,-1,FALSE,FALSE,275900,2398,{'is_FSBA': True},FALSE,FALSE,FOR_SALE,284900,TRUE,FALSE,FALSE,USD,USA,233000,5227.2,sqft,,,,,,,,
1836912,4904 Dupont Ave S,55419,Minneapolis,MN,44.913887,-93.293785,695000,3,4,2736,SINGLE_FAMILY,FOR_SALE,-1,FALSE,FALSE,686000,2300,{'is_FSBA': True},FALSE,FALSE,FOR_SALE,695000,TRUE,FALSE,FALSE,USD,USA,573000,5227.2,sqft,,,,,,,,
1748654,4408 34th Ave S,55406,Minneapolis,MN,44.92293,-93.22332,269900,1,1,768,SINGLE_FAMILY,FOR_SALE,-1,FALSE,FALSE,260800,995,{'is_FSBA': True},FALSE,FALSE,FOR_SALE,269900,TRUE,FALSE,FALSE,USD,USA,188000,5662.8,sqft,,,,,,,,
1717459,3217 Dupont Ave S,55408,Minneapolis,MN,44.9441,-93.29287,474900,4,6,3000,MULTI_FAMILY,FOR_SALE,-1,FALSE,FALSE,465700,2094,{'is_FSBA': True},FALSE,FALSE,FOR_SALE,474900,TRUE,FALSE,FALSE,USD,USA,453000,5662.8,sqft,1.66253E+12,"$25,000 (Sep 7)",-25000,,,,,
1738144,3608 44th Ave S,55406,Minneapolis,MN,44.93751,-93.21057,399900,3,3,2413,SINGLE_FAMILY,FOR_SALE,-1,FALSE,FALSE,390582,2275,{'is_FSBA': True},FALSE,FALSE,FOR_SALE,399900,TRUE,FALSE,FALSE,USD,USA,390000,5227.2,sqft,1.66919E+12,"$30,000 (Nov 23)",-30000,,,,,
58625387,315 W River Pkwy APT 105,55401,Minneapolis,MN,44.987934,-93.26796,849900,4,3,2105,TOWNHOUSE,FOR_SALE,-1,FALSE,FALSE,840446,4332,{'is_FSBA': True},FALSE,FALSE,FOR_SALE,849900,TRUE,FALSE,FALSE,USD,USA,738000,,,,,,Apt 105,,,,
1711030,3340 Portland Ave,55407,Minneapolis,MN,44.9418,-93.26809,330000,2,4,2004,SINGLE_FAMILY,FOR_SALE,-1,FALSE,FALSE,320500,2411,{'is_FSBA': True},FALSE,FALSE,FOR_SALE,330000,TRUE,FALSE,FALSE,USD,USA,222000,5227.2,sqft,1.66867E+12,"$10,000 (Nov 17)",-10000,,,,,
1697261,3223 Fillmore St NE,55418,Minneapolis,MN,45.026463,-93.24186,419000,2,4,1712,SINGLE_FAMILY,FOR_SALE,-1,FALSE,FALSE,409422,1998,{'is_FSBA': True},FALSE,FALSE,FOR_SALE,419000,TRUE,FALSE,FALSE,USD,USA,292000,10018.8,sqft,1.66841E+12,"$10,000 (Nov 14)",-10000,,,,,
1839846,1418 Morgan Ave N,55411,Minneapolis,MN,44.99368,-93.30409,325000,3,5,2609,MULTI_FAMILY,FOR_SALE,-1,FALSE,FALSE,315400,1994,{'is_FSBA': True},FALSE,FALSE,FOR_SALE,325000,TRUE,FALSE,FALSE,USD,USA,130000,5227.2,sqft,,,,,,,,
1895483,5644 Fremont Ave S,55419,Minneapolis,MN,44.90011,-93.296295,450000,3,5,3031,SINGLE_FAMILY,FOR_SALE,-1,FALSE,FALSE,440400,2600,{'is_FSBA': True},FALSE,FALSE,FOR_SALE,450000,TRUE,FALSE,FALSE,USD,USA,406000,8712,sqft,,,,,,,,
67876992,111 4th Ave N APT 506,55401,Minneapolis,MN,44.986526,-93.27141,685000,2,2,2010,CONDO,FOR_SALE,-1,FALSE,FALSE,675400,3964,{'is_FSBA': True},FALSE,FALSE,FOR_SALE,685000,TRUE,FALSE,FALSE,USD,USA,608500,0.79,acres,,,,Apt 506,,,,
1898295,241 Humboldt Ave N,55405,Minneapolis,MN,44.979355,-93.298546,439900,4,6,2779,MULTI_FAMILY,FOR_SALE,-1,FALSE,FALSE,430200,1525,{'is_FSBA': True},FALSE,FALSE,FOR_SALE,439900,TRUE,FALSE,FALSE,USD,USA,235000,5227.2,sqft,1.6685E+12,"$35,100 (Nov 15)",-35100,,,,,
1951308,1924 Colfax Ave S,55403,Minneapolis,MN,44.963448,-93.292175,725000,4,8,3372,MULTI_FAMILY,FOR_SALE,-1,FALSE,FALSE,715200,3460,{'is_FSBA': True},FALSE,FALSE,FOR_SALE,725000,TRUE,FALSE,FALSE,USD,USA,510000,6969.6,sqft,,,,,,,,
1839824,1423 Morgan Ave N,55411,Minneapolis,MN,44.99379,-93.30481,210000,1,3,1345,SINGLE_FAMILY,FOR_SALE,-1,FALSE,FALSE,200000,1825,{'is_FSBA': True},FALSE,FALSE,FOR_SALE,210000,TRUE,FALSE,FALSE,USD,USA,154000,5227.2,sqft,,,,,,,,
1847469,4636 Zenith Ave S,55410,Minneapolis,MN,44.91852,-93.321815,459000,3,3,1156,SINGLE_FAMILY,FOR_SALE,-1,FALSE,FALSE,448900,1931,{'is_FSBA': True},FALSE,FALSE,FOR_SALE,459000,TRUE,FALSE,FALSE,USD,USA,391000,5662.8,sqft,,,,,,,,
1704532,3248 17th Ave S,55407,Minneapolis,MN,44.943188,-93.25033,279900,2,4,2653,MULTI_FAMILY,FOR_SALE,-1,FALSE,FALSE,269500,2375,{'is_FSBA': True},FALSE,FALSE,FOR_SALE,279900,TRUE,FALSE,FALSE,USD,USA,318000,5227.2,sqft,,,,,,,,
71818704,250 Park Ave UNIT 506,55415,Minneapolis,MN,44.977085,-93.259605,309900,1,2,1145,CONDO,FOR_SALE,-1,FALSE,FALSE,298900,1996,{'is_comingSoon': True},FALSE,FALSE,FOR_SALE,309900,TRUE,FALSE,FALSE,USD,USA,336000,,,,,,Unit 506,,,,
71822407,525 3rd St N #113,55401,Minneapolis,MN,44.98552,-93.2771,450000,2,2,1201,CONDO,FOR_SALE,-1,FALSE,FALSE,438859,2234,{'is_FSBA': True},FALSE,FALSE,FOR_SALE,450000,TRUE,FALSE,FALSE,USD,USA,490500,1.99,acres,1.66815E+12,"$25,000 (Nov 11)",-25000,# 113,,,,
1860356,3621 E Minnehaha Pkwy,55417,Minneapolis,MN,44.915905,-93.219345,424900,3,4,2203,SINGLE_FAMILY,FOR_SALE,-1,FALSE,FALSE,413700,2394,{'is_FSBA': True},FALSE,FALSE,FOR_SALE,424900,TRUE,FALSE,FALSE,USD,USA,373000,6969.6,sqft,1.66824E+12,"$25,000 (Nov 12)",-25000,,,,,
1848105,5008 York Ave S,55410,Minneapolis,MN,44.912064,-93.32049,534900,3,3,2154,SINGLE_FAMILY,FOR_SALE,-1,FALSE,FALSE,523400,2696,{'is_FSBA': True},FALSE,FALSE,FOR_SALE,534900,TRUE,FALSE,FALSE,USD,USA,507000,5227.2,sqft,1.66867E+12,"$30,000 (Nov 17)",-30000,,,,,
1912582,6025 Elliot Ave,55417,Minneapolis,MN,44.89339,-93.26126,470000,3,4,2612,SINGLE_FAMILY,FOR_SALE,-1,FALSE,FALSE,458364,2712,{'is_FSBA': True},FALSE,FALSE,FOR_SALE,470000,TRUE,FALSE,FALSE,USD,USA,431000,6098.4,sqft,1.66876E+12,"$9,900 (Nov 18)",-9900,,,,,
2000396,2316 Fremont Ave S,55405,Minneapolis,MN,44.959507,-93.29602,574900,2,5,2560,MULTI_FAMILY,FOR_SALE,-1,FALSE,FALSE,562900,2795,{'is_FSBA': True},FALSE,FALSE,FOR_SALE,574900,TRUE,FALSE,FALSE,USD,USA,536000,5227.2,sqft,1.66409E+12,"$25,099 (Sep 25)",-25099,,,,,
1969072,1915 Sharon Ave SE,55414,Minneapolis,MN,44.962917,-93.21185,594900,4,9,3475,MULTI_FAMILY,FOR_SALE,-1,FALSE,FALSE,582700,3494,{'is_FSBA': True},FALSE,FALSE,FOR_SALE,594900,TRUE,FALSE,FALSE,USD,USA,444000,5227.2,sqft,1.66902E+12,"$5,000 (Nov 21)",-5000,,,,,
1802021,2310 43rd St E,55406,Minneapolis,MN,44.925354,-93.23781,695000,3,4,3541,SINGLE_FAMILY,FOR_SALE,-1,FALSE,FALSE,681400,3495,{'is_FSBA': True},FALSE,FALSE,FOR_SALE,695000,TRUE,FALSE,FALSE,USD,USA,617000,6534,sqft,1.66668E+12,"$5,000 (Oct 25)",-5000,,,,,
1761674,4508 Vincent Ave S,55410,Minneapolis,MN,44.921143,-93.31673,425000,1,2,964,SINGLE_FAMILY,FOR_SALE,-1,FALSE,FALSE,410900,1500,{'is_FSBA': True},FALSE,FALSE,FOR_SALE,425000,TRUE,FALSE,FALSE,USD,USA,415000,5662.8,sqft,1.66755E+12,"$15,000 (Nov 4)",-15000,,,,,
1710597,3028 Portland Ave,55407,Minneapolis,MN,44.947342,-93.26817,285000,2,4,3560,SINGLE_FAMILY,FOR_SALE,-1,FALSE,FALSE,270700,2295,{'is_FSBA': True},FALSE,FALSE,FOR_SALE,285000,TRUE,FALSE,FALSE,USD,USA,209000,0.11,sqft,,,,,,,,
1897339,6000 Fremont Ave S,55419,Minneapolis,MN,44.894188,-93.29631,650000,3,5,2800,SINGLE_FAMILY,FOR_SALE,-1,FALSE,FALSE,635100,2394,{'is_FSBA': True},FALSE,FALSE,FOR_SALE,650000,TRUE,FALSE,FALSE,USD,USA,355000,6098.4,sqft,1.66807E+12,"$39,900 (Nov 10)",-39900,,,,,
1725890,3428 Edmund Blvd,55406,Minneapolis,MN,44.94069,-93.20476,725000,2,3,2100,SINGLE_FAMILY,FOR_SALE,-1,FALSE,FALSE,708100,3862,{'is_FSBA': True},FALSE,FALSE,FOR_SALE,725000,TRUE,FALSE,FALSE,USD,USA,621000,0.18,sqft,1.66807E+12,"$10,000 (Nov 10)",-10000,,,,,
71822425,525 3rd St N #312,55401,Minneapolis,MN,44.98552,-93.2771,750000,2,2,1865,CONDO,FOR_SALE,-1,FALSE,FALSE,732525,4027,{'is_FSBA': True},FALSE,FALSE,FOR_SALE,750000,TRUE,FALSE,FALSE,USD,USA,655000,,,1.66807E+12,"$49,000 (Nov 10)",-49000,# 312,,,,
2016941,2608 Chicago Ave,55407,Minneapolis,MN,44.95513,-93.262985,450000,2,9,3600,MULTI_FAMILY,FOR_SALE,-1,FALSE,FALSE,432200,2999,{'is_FSBA': True},FALSE,FALSE,FOR_SALE,450000,TRUE,FALSE,FALSE,USD,USA,323000,6098.4,sqft,1.66841E+12,"$25,000 (Nov 14)",-25000,,,,,
1811348,4709 28th Ave S,55406,Minneapolis,MN,44.917587,-93.23176,649000,5,7,3658,MULTI_FAMILY,FOR_SALE,-1,FALSE,FALSE,631100,3750,{'is_FSBA': True},FALSE,FALSE,FOR_SALE,649000,TRUE,FALSE,FALSE,USD,USA,709000,0.12,sqft,1.66798E+12,"$50,000 (Nov 9)",-50000,,,,,
1759098,4041 Morrill Ln,55406,Minneapolis,MN,44.929394,-93.206245,539900,2,4,2492,SINGLE_FAMILY,FOR_SALE,-1,FALSE,FALSE,520900,2475,{'is_FSBA': True},FALSE,FALSE,FOR_SALE,539900,TRUE,FALSE,FALSE,USD,USA,440000,6098.4,sqft,1.66876E+12,"$10,000 (Nov 18)",-10000,,,,,
1920041,5445 25th Ave S,55417,Minneapolis,MN,44.903954,-93.23578,409900,2,4,1801,SINGLE_FAMILY,FOR_SALE,-1,FALSE,FALSE,387300,2250,{'is_FSBA': True},FALSE,FALSE,FOR_SALE,409900,TRUE,FALSE,FALSE,USD,USA,358000,5227.2,sqft,,,,,,,,
1944590,1715 Stevens Ave APT 15,55403,Minneapolis,MN,44.965748,-93.27495,135000,1,1,491,CONDO,FOR_SALE,-1,FALSE,FALSE,110900,999,{'is_FSBA': True},FALSE,FALSE,FOR_SALE,135000,TRUE,FALSE,FALSE,USD,USA,116000,9583.2,sqft,,,,Apt 15,,,,
1837259,4841 E Lake Harriet Pkwy,55419,Minneapolis,MN,44.915436,-93.302666,3000000,5,6,5676,SINGLE_FAMILY,FOR_SALE,-1,FALSE,FALSE,2975000,14910,{'is_FSBA': True},FALSE,FALSE,FOR_SALE,3000000,TRUE,FALSE,FALSE,USD,USA,2113000,0.42,acres,1.66141E+12,,25000,,,,,
71819209,52 Groveland Ter #A203,55403,Minneapolis,MN,44.96883,-93.29103,199900,1,1,750,CONDO,FOR_SALE,-1,FALSE,FALSE,174700,1231,{'is_FSBA': True},FALSE,FALSE,FOR_SALE,199900,TRUE,FALSE,FALSE,USD,USA,162000,,,,,,# A203,,,,
1990810,2500 Upton Ave S,55405,Minneapolis,MN,44.95777,-93.31406,1350000,4,4,4334,SINGLE_FAMILY,FOR_SALE,-1,FALSE,FALSE,1323200,6671,{'is_FSBA': True},FALSE,FALSE,FOR_SALE,1350000,TRUE,FALSE,FALSE,USD,USA,1489000,8276.4,sqft,,,,,,,,
1950844,1912 Irving Ave S,55403,Minneapolis,MN,44.96388,-93.29981,1350000,5,5,5521,SINGLE_FAMILY,FOR_SALE,-1,FALSE,FALSE,1323100,6630,{'is_FSBA': True},FALSE,FALSE,FOR_SALE,1350000,TRUE,FALSE,FALSE,USD,USA,1219000,6534,sqft,1.6602E+12,,-100000,,,,,
1728749,3646 Russell Ave N,55412,Minneapolis,MN,45.021904,-93.31047,244900,2,4,1381,SINGLE_FAMILY,FOR_SALE,-1,FALSE,FALSE,217700,1739,{'is_FSBA': True},FALSE,FALSE,FOR_SALE,244900,TRUE,FALSE,FALSE,USD,USA,187000,5376,sqft,,,,,,,,
124755628,715 25th Ave N,55411,Minneapolis,MN,45.004646,-93.28884,279000,3,5,2400,SINGLE_FAMILY,FOR_SALE,-1,FALSE,FALSE,250500,2499,{'is_FSBA': True},FALSE,FALSE,FOR_SALE,279000,TRUE,FALSE,FALSE,USD,USA,135000,1742.4,sqft,1.66928E+12,"$6,000 (Nov 24)",-6000,,,,,
2061922097,1111 W River Pkwy #8E,55415,Minneapolis,MN,,,1290000,2,2,1864,CONDO,FOR_SALE,-1,FALSE,FALSE,1261284,2999,{'is_FSBA': True},FALSE,FALSE,FOR_SALE,1290000,TRUE,FALSE,FALSE,USD,USA,,,,1.66876E+12,"$85,000 (Nov 18)",-85000,# 8E,,,,
1991285,2811 France Ave S,55416,Minneapolis,MN,44.95092,-93.32839,1000000,3,3,3010,SINGLE_FAMILY,FOR_SALE,-1,FALSE,FALSE,970588,4531,{'is_FSBA': True},FALSE,FALSE,FOR_SALE,1000000,TRUE,FALSE,FALSE,USD,USA,603000,5662.8,sqft,1.66634E+12,,75000,,,,,
1830420,121 Elmwood Pl E,55419,Minneapolis,MN,44.90982,-93.27564,750000,5,5,5234,SINGLE_FAMILY,FOR_SALE,-1,FALSE,FALSE,719700,3930,{'is_FSBA': True},FALSE,FALSE,FOR_SALE,750000,TRUE,FALSE,FALSE,USD,USA,788000,0.35,acres,1.66841E+12,"$24,900 (Nov 14)",-24900,,,,,
1960337,2003 Sheridan Ave S,55405,Minneapolis,MN,44.963093,-93.31253,1174000,5,5,4884,SINGLE_FAMILY,FOR_SALE,-1,FALSE,FALSE,1141900,6040,{'is_FSBA': True},FALSE,FALSE,FOR_SALE,1174000,TRUE,FALSE,FALSE,USD,USA,1012000,8276.4,sqft,1.66668E+12,"$25,000 (Oct 25)",-25000,,,,,
1803267,2837 Ulysses St NE,55418,Minneapolis,MN,45.019768,-93.23548,364900,2,3,2185,SINGLE_FAMILY,FOR_SALE,-1,FALSE,FALSE,332600,1849,{'is_FSBA': True},FALSE,FALSE,FOR_SALE,364900,TRUE,FALSE,FALSE,USD,USA,327000,5227.2,sqft,1.66694E+12,,37900,,,,,
1759604,3821 Washburn Ave S,55410,Minneapolis,MN,44.933323,-93.31731,1850000,6,5,4865,SINGLE_FAMILY,FOR_SALE,-1,FALSE,FALSE,1816600,9047,{'is_FSBA': True},FALSE,FALSE,FOR_SALE,1850000,TRUE,FALSE,FALSE,USD,USA,1577000,9147.6,sqft,,,,,,,,
1968991,173 Seymour Ave SE,55414,Minneapolis,MN,44.9637,-93.212395,375000,1,3,2704,SINGLE_FAMILY,FOR_SALE,-1,FALSE,FALSE,340400,1900,{'is_FSBA': True},FALSE,FALSE,FOR_SALE,375000,TRUE,FALSE,FALSE,USD,USA,274000,6534,sqft,,,,,,,,
1860199,4848 32nd Ave S,55417,Minneapolis,MN,44.914543,-93.22601,400000,2,3,1590,SINGLE_FAMILY,FOR_SALE,-1,FALSE,FALSE,360600,2199,{'is_FSBA': True},FALSE,FALSE,FOR_SALE,400000,TRUE,FALSE,FALSE,USD,USA,315000,4356,sqft,,,,,,,,
1849735,2519 Thomas Ave N,55411,Minneapolis,MN,45.00558,-93.31369,249900,2,3,1318,SINGLE_FAMILY,FOR_SALE,-1,FALSE,FALSE,210200,1450,{'is_FSBA': True},FALSE,FALSE,FOR_SALE,249900,TRUE,FALSE,FALSE,USD,USA,184000,0.12,sqft,,,,,,,,
64465418,750 2nd St S #404,55401,Minneapolis,MN,44.97852,-93.2567,1368000,3,3,2754,CONDO,FOR_SALE,-1,FALSE,FALSE,1326545,7438,{'is_FSBA': True},FALSE,FALSE,FOR_SALE,1368000,TRUE,FALSE,FALSE,USD,USA,930000,,,1.66772E+12,"$7,000 (Nov 6)",-7000,# 404,,,,1
1705559,3633 Portland Ave,55407,Minneapolis,MN,44.93654,-93.26716,400000,3,3,2490,SINGLE_FAMILY,FOR_SALE,-1,FALSE,FALSE,358500,2250,{'is_FSBA': True},FALSE,FALSE,FOR_SALE,400000,TRUE,FALSE,FALSE,USD,USA,347000,6098.4,sqft,,,,,,,,
1898070,530 Penn Ave N,55405,Minneapolis,MN,44.983627,-93.30795,359900,2,6,1994,MULTI_FAMILY,FOR_SALE,-1,FALSE,FALSE,313700,2439,{'is_FSBA': True},FALSE,FALSE,FOR_SALE,359900,TRUE,FALSE,FALSE,USD,USA,199000,4791.6,sqft,,,,,,,,
1760355,3805 France Ave S,55416,Minneapolis,MN,44.93375,-93.32867,474900,1,2,1606,MULTI_FAMILY,FOR_SALE,-1,FALSE,FALSE,425300,1450,{'is_FSBA': True},FALSE,FALSE,FOR_SALE,474900,TRUE,FALSE,FALSE,USD,USA,450000,6534,sqft,,,,,,,,
1818286,4745 Bloomington Ave,55407,Minneapolis,MN,44.91655,-93.25201,399000,2,3,1805,SINGLE_FAMILY,FOR_SALE,-1,FALSE,FALSE,325400,2100,{'is_FSBA': True},FALSE,FALSE,FOR_SALE,399000,TRUE,FALSE,FALSE,USD,USA,303000,4791.6,sqft,,,,,,,,
88839759,1820 1st Ave S APT 205,55403,Minneapolis,MN,44.96442,-93.27696,79900,1,0,500,CONDO,FOR_SALE,-1,FALSE,FALSE,,,{'is_FSBA': True},FALSE,FALSE,FOR_SALE,79900,TRUE,FALSE,FALSE,USD,USA,82000,9583.2,sqft,1.66867E+12,"$2,100 (Nov 17)",-2100,Apt 205,,,,
1914715,117 Portland Ave APT 702,55401,Minneapolis,MN,44.979465,-93.25848,1995000,3,2,3010,CONDO,FOR_SALE,-1,FALSE,FALSE,1914800,9623,{'is_FSBA': True},FALSE,FALSE,FOR_SALE,1995000,TRUE,FALSE,FALSE,USD,USA,2415000,,,1.66107E+12,,-200000,Apt 702,,,,
1762547,3326 Thomas Ave N,55412,Minneapolis,MN,45.015873,-93.31297,85900,1,1,1106,SINGLE_FAMILY,FOR_SALE,-1,FALSE,FALSE,,1350,{'is_bankOwned': True},FALSE,FALSE,FOR_SALE,85900,TRUE,FALSE,FALSE,USD,USA,160000,5227.2,sqft,,,,,,,,
1991015,20 Park Ln,55416,Minneapolis,MN,44.956158,-93.319725,3395000,5,4,4098,SINGLE_FAMILY,FOR_SALE,-1,FALSE,FALSE,3299700,16342,{'is_FSBA': True},FALSE,FALSE,FOR_SALE,3395000,TRUE,FALSE,FALSE,USD,USA,2592000,10454.4,sqft,,,,,,,,
82643358,3120 Hennepin Ave UNIT 6,55408,Minneapolis,MN,44.9457,-93.29868,99900,1,1,640,CONDO,FOR_SALE,-1,FALSE,FALSE,,,{'is_FSBA': True},FALSE,FALSE,FOR_SALE,99900,TRUE,FALSE,FALSE,USD,USA,124000,0.27,acres,1.66798E+12,"$5,000 (Nov 9)",-5000,Unit 6,,,,
1944589,1715 Stevens Ave APT 14,55403,Minneapolis,MN,44.965748,-93.27495,114500,1,1,504,CONDO,FOR_SALE,-1,FALSE,FALSE,,,{'is_FSBA': True},FALSE,FALSE,FOR_SALE,114500,TRUE,FALSE,FALSE,USD,USA,119000,9583.2,sqft,1.66841E+12,$500 (Nov 14),-500,Apt 14,,,,
82644250,1928 Aldrich Ave S #B205,55403,Minneapolis,MN,44.96342,-93.289925,115000,1,1,450,CONDO,FOR_SALE,-1,FALSE,FALSE,,,{'is_FSBA': True},FALSE,FALSE,FOR_SALE,115000,TRUE,FALSE,FALSE,USD,USA,101000,0.73,acres,,,,# B205,,,,
1718803,4225 Bryant Ave N,55412,Minneapolis,MN,45.032406,-93.290955,119900,2,2,1896,SINGLE_FAMILY,FOR_SALE,-1,FALSE,FALSE,,,{'is_FSBA': True},FALSE,FALSE,FOR_SALE,119900,TRUE,FALSE,FALSE,USD,USA,200000,0.27,acres,,,,,,,,
1913749,15 S 1st St APT A616,55401,Minneapolis,MN,44.98314,-93.26676,119900,1,1,474,CONDO,FOR_SALE,-1,FALSE,FALSE,,,{'is_FSBA': True},FALSE,FALSE,FOR_SALE,119900,TRUE,FALSE,FALSE,USD,USA,95000,3.83,acres,1.6691E+12,"$2,000 (Nov 22)",-2000,Apt A616,,,,
1830939,2200 Lyndale Ave N,55411,Minneapolis,MN,45.001644,-93.28757,125000,2,4,4098,MULTI_FAMILY,FOR_SALE,-1,FALSE,FALSE,,1354,{'is_FSBA': True},FALSE,FALSE,FOR_SALE,125000,TRUE,FALSE,FALSE,USD,USA,189000,7405.2,sqft,1.66798E+12,"$10,000 (Nov 9)",-10000,,,,,
2061251294,330 E 18th St #3306,55404,Minneapolis,MN,,,129900,1,2,856,CONDO,FOR_SALE,-1,FALSE,FALSE,,,{'is_FSBA': True},FALSE,FALSE,FOR_SALE,129900,TRUE,FALSE,FALSE,USD,USA,,500,sqft,1.66737E+12,"$20,000 (Nov 2)",-20000,# 3306,,,,
2000999,2615 Newton Ave S,55405,Minneapolis,MN,44.95805,-93.30586,2495000,6,5,5604,SINGLE_FAMILY,FOR_SALE,-1,FALSE,FALSE,2360800,11928,{'is_FSBA': True},FALSE,FALSE,FOR_SALE,2495000,TRUE,FALSE,FALSE,USD,USA,1754000,7405.2,sqft,1.66392E+12,"$100,000 (Sep 23)",-100000,,,,,1
2016264,2222 13th Ave S,55404,Minneapolis,MN,44.960056,-93.256454,150000,2,3,916,MULTI_FAMILY,FOR_SALE,-1,FALSE,FALSE,,1500,{'is_foreclosure': True},FALSE,FALSE,FOR_SALE,150000,TRUE,FALSE,FALSE,USD,USA,211500,3484.8,sqft,,,,,,,,
1775077,2802 Girard Ave N,55411,Minneapolis,MN,45.008717,-93.29648,159900,2,4,2831,MULTI_FAMILY,FOR_SALE,-1,FALSE,FALSE,,2749,{'is_FSBA': True},FALSE,FALSE,FOR_SALE,159900,TRUE,FALSE,FALSE,USD,USA,133000,5227.2,sqft,1.66876E+12,"$10,000 (Nov 18)",-10000,,,,,
1913679,15 S 1st St #A302,55401,Minneapolis,MN,44.983067,-93.26665,335000,2,3,1250,CONDO,FOR_SALE,-1,FALSE,FALSE,171000,1995,{'is_FSBA': True},FALSE,FALSE,FOR_SALE,335000,TRUE,FALSE,FALSE,USD,USA,246500,,,,,,# A302,,,,
61626412,2667 E Lake Of The Isles Pkwy,55408,Minneapolis,MN,44.956,-93.301605,2495000,4,4,5110,SINGLE_FAMILY,FOR_SALE,-1,FALSE,FALSE,2325847,14472,{'is_FSBA': True},FALSE,FALSE,FOR_SALE,2495000,TRUE,FALSE,FALSE,USD,USA,2595000,0.34,acres,1.66513E+12,"$355,000 (Oct 7)",-355000,,,,,
1791338,4048 Chicago Ave,55407,Minneapolis,MN,44.929,-93.26289,175000,1,2,890,SINGLE_FAMILY,FOR_SALE,-1,FALSE,FALSE,,,{'is_FSBA': True},FALSE,FALSE,FOR_SALE,175000,TRUE,FALSE,FALSE,USD,USA,206000,5227.2,sqft,1.66677E+12,"$5,000 (Oct 26)",-5000,,,,,
82650642,2750 Cedar Ave S UNIT 304,55407,Minneapolis,MN,44.95217,-93.24778,175000,1,2,914,CONDO,FOR_SALE,-1,FALSE,FALSE,,,{'is_FSBA': True},FALSE,FALSE,FOR_SALE,175000,TRUE,FALSE,FALSE,USD,USA,170000,10018.8,sqft,,,,Unit 304,,,,
1801519,3929 Cedar Ave S,55407,Minneapolis,MN,44.931416,-93.24695,186000,1,2,1100,SINGLE_FAMILY,FOR_SALE,-1,FALSE,FALSE,,1713,{'is_bankOwned': True},FALSE,FALSE,FOR_SALE,186000,TRUE,FALSE,FALSE,USD,USA,203000,4791.6,sqft,,,,,,,,
2061668630,2101 N 6th St,55411,Minneapolis,MN,45.000385,-93.2869,187000,2,7,2336,MULTI_FAMILY,FOR_SALE,-1,FALSE,FALSE,,,{'is_FSBA': True},FALSE,FALSE,FOR_SALE,187000,TRUE,FALSE,FALSE,USD,USA,,0.09,sqft,1.6691E+12,$900 (Nov 22),-900,,,,,
82647860,2625 Pillsbury Ave #201,55408,Minneapolis,MN,44.954624,-93.28083,189900,1,2,820,CONDO,FOR_SALE,-1,FALSE,FALSE,,,{'is_FSBA': True},FALSE,FALSE,FOR_SALE,189900,TRUE,FALSE,FALSE,USD,USA,186000,7405.2,sqft,1.66867E+12,"$5,100 (Nov 17)",-5100,# 201,,,,
1696929,3339 Tyler St NE,55418,Minneapolis,MN,45.028736,-93.24569,190000,2,2,856,SINGLE_FAMILY,FOR_SALE,-1,FALSE,FALSE,,,{'is_FSBA': True},FALSE,FALSE,FOR_SALE,190000,TRUE,FALSE,FALSE,USD,USA,178000,4791.6,sqft,1.66884E+12,"$5,000 (Nov 19)",-5000,,,,,
1790914,3825 Elliot Ave,55407,Minneapolis,MN,44.933273,-93.26087,195000,1,2,1021,SINGLE_FAMILY,FOR_SALE,-1,FALSE,FALSE,,,{'is_FSBA': True},FALSE,FALSE,FOR_SALE,195000,TRUE,FALSE,FALSE,USD,USA,195000,7840.8,sqft,1.66564E+12,"$5,000 (Oct 13)",-5000,,,,,
1792665,4437 14th Ave S,55407,Minneapolis,MN,44.92212,-93.25457,199900,1,1,692,SINGLE_FAMILY,FOR_SALE,-1,FALSE,FALSE,,,{'is_FSBA': True},FALSE,FALSE,FOR_SALE,199900,TRUE,FALSE,FALSE,USD,USA,183000,5227.2,sqft,,,,,,,,
2000824,2225 E Lake Of The Isles Pkwy,55405,Minneapolis,MN,44.959972,-93.30101,3150000,4,4,4216,SINGLE_FAMILY,FOR_SALE,-1,FALSE,FALSE,2934100,14744,{'is_FSBA': True},FALSE,FALSE,FOR_SALE,3150000,TRUE,FALSE,FALSE,USD,USA,2072000,0.33,acres,1.66081E+12,,-230000,,,,,
1790266,3909 15th Ave S,55407,Minneapolis,MN,44.931984,-93.25332,216000,2,3,1706,SINGLE_FAMILY,FOR_SALE,-1,FALSE,FALSE,,1989,{'is_bankOwned': True},FALSE,FALSE,FOR_SALE,216000,TRUE,FALSE,FALSE,USD,USA,311000,4791.6,sqft,,,,,,,,
1928217,2413 S 9th St,55406,Minneapolis,MN,44.963753,-93.23688,219990,1,2,1024,TOWNHOUSE,FOR_SALE,-1,FALSE,FALSE,,,{'is_FSBA': True},FALSE,FALSE,FOR_SALE,219990,TRUE,FALSE,FALSE,USD,USA,147500,2178,sqft,1.66789E+12,"$10,010 (Nov 8)",-10010,,,,,
67877917,111 E Franklin Ave APT 105,55404,Minneapolis,MN,44.96259,-93.27591,220000,1,2,983,CONDO,FOR_SALE,-1,FALSE,FALSE,,,{'is_FSBA': True},FALSE,FALSE,FOR_SALE,220000,TRUE,FALSE,FALSE,USD,USA,230000,1.73,acres,,,,Apt 105,,,,
1804594,1100 24th Ave NE,55418,Minneapolis,MN,45.01199,-93.24355,220000,2,3,1142,SINGLE_FAMILY,FOR_SALE,-1,FALSE,FALSE,,,{'is_FSBA': True},FALSE,FALSE,FOR_SALE,220000,TRUE,FALSE,FALSE,USD,USA,216000,3484.8,sqft,1.66876E+12,"$30,000 (Nov 18)",-30000,,,,,
1793287,2650 Quincy St NE,55418,Minneapolis,MN,45.016613,-93.25116,229000,1,2,720,SINGLE_FAMILY,FOR_SALE,-1,FALSE,FALSE,,,{'is_FSBA': True},FALSE,FALSE,FOR_SALE,229000,TRUE,FALSE,FALSE,USD,USA,229000,6969.6,sqft,1.66928E+12,"$10,000 (Nov 24)",-10000,,,,,
1873695,5720 44th Ave S,55417,Minneapolis,MN,44.89926,-93.210556,235000,2,4,1200,SINGLE_FAMILY,FOR_SALE,-1,FALSE,FALSE,,,{'is_FSBA': True},FALSE,FALSE,FOR_SALE,235000,TRUE,FALSE,FALSE,USD,USA,251000,5227.2,sqft,1.66962E+12,"$14,700 (Nov 28)",-14700,,,,,
303911748,6121 Penn Ave S,55419,Minneapolis,MN,44.89176,-93.308266,249900,1,4,2000,SINGLE_FAMILY,FOR_SALE,-1,FALSE,FALSE,,,{'is_comingSoon': True},FALSE,FALSE,FOR_SALE,249900,TRUE,FALSE,FALSE,USD,USA,20800,0.29,acres,,,,,,,,
1763871,2610 Upton Ave N,55411,Minneapolis,MN,45.006386,-93.31424,249900,2,3,1352,SINGLE_FAMILY,FOR_SALE,-1,FALSE,FALSE,,,{'is_FSBA': True},FALSE,FALSE,FOR_SALE,249900,TRUE,FALSE,FALSE,USD,USA,201000,0.12,sqft,,,,,,,,
2061460503,610 E 47th St,55407,Minneapolis,MN,44.91807,-93.2669,249900,1,3,1218,SINGLE_FAMILY,FOR_SALE,-1,FALSE,FALSE,,,{'is_FSBA': True},FALSE,FALSE,FOR_SALE,249900,TRUE,FALSE,FALSE,USD,USA,,3049.2,sqft,1.66582E+12,"$20,000 (Oct 15)",-20000,,,,,
1829131,4631 Wentworth Ave,55419,Minneapolis,MN,44.918446,-93.280174,250000,2,3,1352,SINGLE_FAMILY,FOR_SALE,-1,FALSE,FALSE,,,{'is_FSBA': True},FALSE,FALSE,FOR_SALE,250000,TRUE,FALSE,FALSE,USD,USA,302000,6098.4,sqft,1.66867E+12,"$25,000 (Nov 17)",-25000,,,,,
1800869,4022 27th Ave S,55406,Minneapolis,MN,44.929703,-93.23375,250000,1,2,1162,SINGLE_FAMILY,FOR_SALE,-1,FALSE,FALSE,,,{'is_FSBA': True},FALSE,FALSE,FOR_SALE,250000,TRUE,FALSE,FALSE,USD,USA,236000,5227.2,sqft,1.66824E+12,"$20,000 (Nov 12)",-20000,,,,,
1861903,5356 44th Ave S,55417,Minneapolis,MN,44.905514,-93.2105,250000,1,3,1628,SINGLE_FAMILY,FOR_SALE,-1,FALSE,FALSE,,,{'is_FSBA': True},FALSE,FALSE,FOR_SALE,250000,TRUE,FALSE,FALSE,USD,USA,213000,4791.6,sqft,,,,,,,,
2061090808,400 N 1st St APT 605,55401,Minneapolis,MN,44.987404,-93.27126,250000,1,1,713,CONDO,FOR_SALE,-1,FALSE,FALSE,,,{'is_FSBA': True},FALSE,FALSE,FOR_SALE,250000,TRUE,FALSE,FALSE,USD,USA,,,,,,,Apt 605,,,,
1749399,4021 45th St E,55406,Minneapolis,MN,44.921295,-93.21456,260000,1,2,1494,SINGLE_FAMILY,FOR_SALE,-1,FALSE,FALSE,,,{'is_FSBA': True},FALSE,FALSE,FOR_SALE,260000,TRUE,FALSE,FALSE,USD,USA,259000,4791.6,sqft,,,,,,,,
67876476,2700 W 44th St APT 112,55410,Minneapolis,MN,44.923378,-93.313675,262000,2,2,1000,CONDO,FOR_SALE,-1,FALSE,FALSE,,,{'is_FSBA': True},FALSE,FALSE,FOR_SALE,262000,TRUE,FALSE,FALSE,USD,USA,233500,0.85,acres,1.66685E+12,"$6,000 (Oct 27)",-6000,Apt 112,,,,
82643724,521 7th St S #418,55415,Minneapolis,MN,44.973312,-93.2647,275000,1,1,1021,CONDO,FOR_SALE,-1,FALSE,FALSE,,,{'is_FSBA': True},FALSE,FALSE,FOR_SALE,275000,TRUE,FALSE,FALSE,USD,USA,265000,0.63,acres,,,,# 418,,,,
1775026,2642 Emerson Ave N,55411,Minneapolis,MN,45.007256,-93.29395,275000,1,2,2480,MULTI_FAMILY,FOR_SALE,-1,FALSE,FALSE,,,{'is_comingSoon': True},FALSE,FALSE,FOR_SALE,275000,TRUE,FALSE,FALSE,USD,USA,235000,5227.2,sqft,,,,,,,,
1840227,1419 Emerson Ave N,55411,Minneapolis,MN,44.993732,-93.29454,275000,2,4,1728,SINGLE_FAMILY,FOR_SALE,-1,FALSE,FALSE,,,{'is_FSBA': True},FALSE,FALSE,FOR_SALE,275000,TRUE,FALSE,FALSE,USD,USA,210000,7405.2,sqft,1.66815E+12,"$25,000 (Nov 11)",-25000,,,,,
61622542,4808 Humboldt Ave N,55430,Minneapolis,MN,45.042557,-93.298836,275000,2,2,1460,TOWNHOUSE,FOR_SALE,-1,FALSE,FALSE,,,{'is_FSBA': True},FALSE,FALSE,FOR_SALE,275000,TRUE,FALSE,FALSE,USD,USA,230500,4791.6,sqft,,,,,,,,
1887008,6141 Vincent Ave S,55410,Minneapolis,MN,44.891132,-93.31592,280000,2,3,1480,SINGLE_FAMILY,FOR_SALE,-1,FALSE,FALSE,,,{'is_FSBA': True},FALSE,FALSE,FOR_SALE,280000,TRUE,FALSE,FALSE,USD,USA,295000,10018.8,sqft,,,,,,,,
2070058701,1726 Kenwood Pkwy #100,55405,Minneapolis,MN,44.967335,-93.306915,1299000,3,3,3229,TOWNHOUSE,FOR_SALE,-1,FALSE,FALSE,1016300,3504,{'is_newHome': True},FALSE,FALSE,FOR_SALE,1299000,TRUE,FALSE,FALSE,USD,USA,,10018.8,sqft,,,,# 100,,,NEW_CONSTRUCTION_TYPE_OTHER,
1991871,2928 Dean Pkwy APT 3D,55416,Minneapolis,MN,44.950024,-93.31742,285000,2,2,1075,CONDO,FOR_SALE,-1,FALSE,FALSE,,,{'is_FSBA': True},FALSE,FALSE,FOR_SALE,285000,TRUE,FALSE,FALSE,USD,USA,234000,0.47,acres,1.66418E+12,"$14,000 (Sep 26)",-14000,Apt 3D,,,,
1851132,1523 Sheridan Ave N,55411,Minneapolis,MN,44.99481,-93.312416,295000,3,3,2156,SINGLE_FAMILY,FOR_SALE,-1,FALSE,FALSE,,,{'is_FSBA': True},FALSE,FALSE,FOR_SALE,295000,TRUE,FALSE,FALSE,USD,USA,227000,5227.2,sqft,1.66608E+12,"$5,000 (Oct 18)",-5000,,,,,
29618938,2602 Portland Ave,55407,Minneapolis,MN,44.95531,-93.26809,295000,2,4,1786,TOWNHOUSE,FOR_SALE,-1,FALSE,FALSE,,,{'is_FSBA': True},FALSE,FALSE,FOR_SALE,295000,TRUE,FALSE,FALSE,USD,USA,225000,1.84,acres,,,,,,,,
1782369,4319 Pleasant Ave,55409,Minneapolis,MN,44.92436,-93.28272,299999,1,3,1577,SINGLE_FAMILY,FOR_SALE,-1,FALSE,FALSE,,,{'is_FSBA': True},FALSE,FALSE,FOR_SALE,299999,TRUE,FALSE,FALSE,USD,USA,302000,5227.2,sqft,1.66755E+12,"$15,001 (Nov 4)",-15001,,,,,
1803912,2820 Polk St NE,55418,Minneapolis,MN,45.01936,-93.24606,300000,2,5,1980,MULTI_FAMILY,FOR_SALE,-1,FALSE,FALSE,,,{'is_FSBA': True},FALSE,FALSE,FOR_SALE,300000,TRUE,FALSE,FALSE,USD,USA,343000,8276.4,sqft,,,,,,,,
1921054,1034 14th Ave SE,55414,Minneapolis,MN,44.988853,-93.23166,300000,2,4,1892,MULTI_FAMILY,FOR_SALE,-1,FALSE,FALSE,,,{'is_FSBA': True},FALSE,FALSE,FOR_SALE,300000,TRUE,FALSE,FALSE,USD,USA,372000,5227.2,sqft,1.66876E+12,"$25,000 (Nov 18)",-25000,,,,,
88846092,748 3rd St N #505,55401,Minneapolis,MN,44.987904,-93.278885,300000,1,2,833,CONDO,FOR_SALE,-1,FALSE,FALSE,,,{'is_FSBA': True},FALSE,FALSE,FOR_SALE,300000,TRUE,FALSE,FALSE,USD,USA,303000,,,,,,# 505,,,,
1812662,623 Fillmore St NE,55413,Minneapolis,MN,44.99579,-93.24188,313500,2,2,1449,SINGLE_FAMILY,FOR_SALE,-1,FALSE,FALSE,,,{'is_FSBA': True},FALSE,FALSE,FOR_SALE,313500,TRUE,FALSE,FALSE,USD,USA,309000,4791.6,sqft,1.66694E+12,"$11,500 (Oct 28)",-11500,,,,,
1951365,900 Lincoln Ave #6,55403,Minneapolis,MN,44.964638,-93.2909,314000,3,2,1442,CONDO,FOR_SALE,-1,FALSE,FALSE,,,{'is_FSBA': True},FALSE,FALSE,FOR_SALE,314000,TRUE,FALSE,FALSE,USD,USA,314000,,,,,,# 6,,,,
1897169,5841 Fremont Ave S,55419,Minneapolis,MN,44.896626,-93.295586,319000,1,3,2080,SINGLE_FAMILY,FOR_SALE,-1,FALSE,FALSE,,,{'is_FSBA': True},FALSE,FALSE,FOR_SALE,319000,TRUE,FALSE,FALSE,USD,USA,281000,5227.2,sqft,,,,,,,,
1804659,1007 24th Ave NE,55418,Minneapolis,MN,45.012375,-93.245056,325000,2,3,2030,MULTI_FAMILY,FOR_SALE,-1,FALSE,FALSE,,,{'is_FSBA': True},FALSE,FALSE,FOR_SALE,325000,TRUE,FALSE,FALSE,USD,USA,291000,0.07,sqft,1.6685E+12,"$4,900 (Nov 15)",-4900,,,,,
1861529,5117 38th Ave S,55417,Minneapolis,MN,44.91013,-93.21738,325000,1,3,1274,SINGLE_FAMILY,FOR_SALE,-1,FALSE,FALSE,,,{'is_FSBA': True},FALSE,FALSE,FOR_SALE,325000,TRUE,FALSE,FALSE,USD,USA,291000,5662.8,sqft,,,,,,,,
1791677,4320 11th Ave S,55407,Minneapolis,MN,44.9244,-93.2591,325000,2,3,1409,SINGLE_FAMILY,FOR_SALE,-1,FALSE,FALSE,,,{'is_FSBA': True},FALSE,FALSE,FOR_SALE,325000,TRUE,FALSE,FALSE,USD,USA,288000,5227.2,sqft,1.66659E+12,"$25,000 (Oct 24)",-25000,,,,,
2060841565,6024-6026 15th Ave S,55417,Minneapolis,MN,44.91531,-93.253654,325000,2,2,1209,MULTI_FAMILY,FOR_SALE,-1,FALSE,FALSE,,,{'is_FSBA': True},FALSE,FALSE,FOR_SALE,325000,TRUE,FALSE,FALSE,USD,USA,,6534,sqft,,,,,,,,
2061443157,2501 W 60th St,55410,Minneapolis,MN,44.89408,-93.31141,339000,2,3,1755,SINGLE_FAMILY,FOR_SALE,-1,FALSE,FALSE,,,{'is_FSBA': True},FALSE,FALSE,FOR_SALE,339000,TRUE,FALSE,FALSE,USD,USA,,5662.8,sqft,1.66755E+12,"$11,000 (Nov 4)",-11000,,,,,
1912779,6133 15th Ave S,55423,Minneapolis,MN,44.891277,-93.25379,345000,2,3,1873,SINGLE_FAMILY,FOR_SALE,-1,FALSE,FALSE,,,{'is_FSBA': True},FALSE,FALSE,FOR_SALE,345000,TRUE,FALSE,FALSE,USD,USA,257000,6534,sqft,1.66807E+12,"$20,000 (Nov 10)",-20000,,,,,
1906058,5836 Clinton Ave,55419,Minneapolis,MN,44.89664,-93.27282,349000,2,3,1600,SINGLE_FAMILY,FOR_SALE,-1,FALSE,FALSE,,,{'is_FSBA': True},FALSE,FALSE,FOR_SALE,349000,TRUE,FALSE,FALSE,USD,USA,340000,0.29,sqft,1.66616E+12,"$20,000 (Oct 19)",-20000,,,,,
1812783,610 Taylor St NE,55413,Minneapolis,MN,44.995472,-93.24381,349900,3,3,1684,TOWNHOUSE,FOR_SALE,-1,FALSE,FALSE,,,{'is_FSBA': True},FALSE,FALSE,FOR_SALE,349900,TRUE,FALSE,FALSE,USD,USA,149000,871.2,sqft,,,,,,,,
1792098,4432 Park Ave,55407,Minneapolis,MN,44.922085,-93.265526,350000,2,3,1961,SINGLE_FAMILY,FOR_SALE,-1,FALSE,FALSE,,,{'is_FSBA': True},FALSE,FALSE,FOR_SALE,350000,TRUE,FALSE,FALSE,USD,USA,317000,5662.8,sqft,1.66625E+12,"$25,000 (Oct 20)",-25000,,,,,
1791154,3816 Columbus Ave,55407,Minneapolis,MN,44.93358,-93.2641,359900,2,4,2144,SINGLE_FAMILY,FOR_SALE,-1,FALSE,FALSE,,,{'is_FSBA': True},FALSE,FALSE,FOR_SALE,359900,TRUE,FALSE,FALSE,USD,USA,295000,4791.6,sqft,,,,,,,,
1969049,172 Bedford St SE,55414,Minneapolis,MN,44.963146,-93.209366,360000,2,3,1369,SINGLE_FAMILY,FOR_SALE,-1,FALSE,FALSE,,,{'is_FSBA': True},FALSE,FALSE,FOR_SALE,360000,TRUE,FALSE,FALSE,USD,USA,359000,9583.2,sqft,1.66815E+12,"$15,000 (Nov 11)",-15000,,,,,
1837245,4952 Logan Ave S,55419,Minneapolis,MN,44.912594,-93.303955,360000,2,4,1503,SINGLE_FAMILY,FOR_SALE,-1,FALSE,FALSE,,,{'is_FSBA': True},FALSE,FALSE,FOR_SALE,360000,TRUE,FALSE,FALSE,USD,USA,490000,5227.2,sqft,1.66807E+12,"$40,000 (Nov 10)",-40000,,,,,
82649794,1701 Madison St NE UNIT 128,55413,Minneapolis,MN,45.005573,-93.2532,364900,2,2,1056,CONDO,FOR_SALE,-1,FALSE,FALSE,,,{'is_FSBA': True},FALSE,FALSE,FOR_SALE,364900,TRUE,FALSE,FALSE,USD,USA,301000,4356,sqft,,,,Unit 128,,,,
1913555,202 2nd St NE,55413,Minneapolis,MN,44.989746,-93.25988,365999,1,2,1232,TOWNHOUSE,FOR_SALE,-1,FALSE,FALSE,,,{'is_FSBA': True},FALSE,FALSE,FOR_SALE,365999,TRUE,FALSE,FALSE,USD,USA,375000,,,,,,,,,,
67875594,2341 River Pointe Ln,55411,Minneapolis,MN,45.00336,-93.27699,375000,4,3,2423,TOWNHOUSE,FOR_SALE,-1,FALSE,FALSE,,,{'is_FSBA': True},FALSE,FALSE,FOR_SALE,375000,TRUE,FALSE,FALSE,USD,USA,380000,,,1.66694E+12,"$25,000 (Oct 28)",-25000,,,,,
1711354,3223 Harriet Ave,55408,Minneapolis,MN,44.94399,-93.285225,375000,2,4,1735,MULTI_FAMILY,FOR_SALE,-1,FALSE,FALSE,,,{'is_FSBA': True},FALSE,FALSE,FOR_SALE,375000,TRUE,FALSE,FALSE,USD,USA,368000,5227.2,sqft,1.66685E+12,"$25,000 (Oct 27)",-25000,,,,,
1805140,2254 McKinley St NE,55418,Minneapolis,MN,45.011257,-93.22852,375000,1,4,1731,SINGLE_FAMILY,FOR_SALE,-1,FALSE,FALSE,,,{'is_FSBA': True},FALSE,FALSE,FOR_SALE,375000,TRUE,FALSE,FALSE,USD,USA,318000,0.12,sqft,1.66815E+12,"$10,000 (Nov 11)",-10000,,,,,
1697708,3001 Lincoln St NE,55418,Minneapolis,MN,45.022415,-93.23802,379000,2,3,2002,SINGLE_FAMILY,FOR_SALE,-1,FALSE,FALSE,,,{'is_FSBA': True},FALSE,FALSE,FOR_SALE,379000,TRUE,FALSE,FALSE,USD,USA,332000,7405.2,sqft,,,,,,,,
1887498,1216 Washburn Ave N,55411,Minneapolis,MN,44.9907,-93.31682,389999,2,3,2174,SINGLE_FAMILY,FOR_SALE,-1,FALSE,FALSE,,1900,{'is_FSBA': True},FALSE,FALSE,FOR_SALE,389999,TRUE,FALSE,FALSE,USD,USA,344000,7840.8,sqft,1.66815E+12,"$10,000 (Nov 11)",-10000,,,,,
1874095,5552 32nd Ave S,55417,Minneapolis,MN,44.90188,-93.22621,393400,2,4,2107,SINGLE_FAMILY,FOR_SALE,-1,FALSE,FALSE,,,{'is_FSBA': True},FALSE,FALSE,FOR_SALE,393400,TRUE,FALSE,FALSE,USD,USA,293000,6534,sqft,1.66945E+12,"$2,000 (Nov 26)",-2000,,,,,
1759648,3845 Upton Ave S,55410,Minneapolis,MN,44.932472,-93.31498,399000,2,3,1932,SINGLE_FAMILY,FOR_SALE,-1,FALSE,FALSE,,1580,{'is_FSBA': True},FALSE,FALSE,FOR_SALE,399000,TRUE,FALSE,FALSE,USD,USA,395000,6969.6,sqft,1.66841E+12,"$50,900 (Nov 14)",-50900,,,,,
1968717,41 Arthur Ave SE,55414,Minneapolis,MN,44.9689,-93.21584,400000,2,3,2292,SINGLE_FAMILY,FOR_SALE,-1,FALSE,FALSE,,,{'is_FSBA': True},FALSE,FALSE,FOR_SALE,400000,TRUE,FALSE,FALSE,USD,USA,365000,4356,sqft,1.66755E+12,"$25,000 (Nov 4)",-25000,,,,,
2060952441,4723 E 45th St,55406,Minneapolis,MN,44.921413,-93.205154,400000,2,3,1704,SINGLE_FAMILY,FOR_SALE,-1,FALSE,FALSE,,,{'is_FSBA': True},FALSE,FALSE,FOR_SALE,400000,TRUE,FALSE,FALSE,USD,USA,,4791.6,sqft,,,,,,,,
1968941,20 Melbourne Ave SE,55414,Minneapolis,MN,44.965786,-93.21027,400000,2,4,1715,SINGLE_FAMILY,FOR_SALE,-1,FALSE,FALSE,,,{'is_FSBA': True},FALSE,FALSE,FOR_SALE,400000,TRUE,FALSE,FALSE,USD,USA,370000,6534,sqft,1.66625E+12,"$25,000 (Oct 20)",-25000,,,,,
2060824871,1503 Franklin Ave SE #S,55404,Minneapolis,MN,44.96484,-93.21739,410000,3,2,1721,TOWNHOUSE,FOR_SALE,-1,FALSE,FALSE,,,{'is_FSBA': True},FALSE,FALSE,FOR_SALE,410000,TRUE,FALSE,FALSE,USD,USA,,4.76,acres,,,,# S,,,,
71817939,720 N 4th St UNIT 206,55401,Minneapolis,MN,44.986553,-93.27917,419900,2,2,1074,CONDO,FOR_SALE,-1,FALSE,FALSE,,,{'is_FSBA': True},FALSE,FALSE,FOR_SALE,419900,TRUE,FALSE,FALSE,USD,USA,321000,0,sqft,,,,Unit 206,,,,
2089152020,401 N 2nd St UNIT 209,55401,Minneapolis,MN,44.986294,-93.27336,439900,2,2,1309,CONDO,FOR_SALE,-1,FALSE,FALSE,,,{'is_FSBA': True},FALSE,FALSE,FOR_SALE,439900,TRUE,FALSE,FALSE,USD,USA,,2.01,sqft,1.66841E+12,"$10,100 (Nov 14)",-10100,Unit 209,,,,
2074215729,2719 Humboldt Ave S APT 5E,55408,Minneapolis,MN,44.952995,-93.29908,469000,2,2,1785,CONDO,FOR_SALE,-1,FALSE,FALSE,,,{'is_FSBA': True},FALSE,FALSE,FOR_SALE,469000,TRUE,FALSE,FALSE,USD,USA,,10454.4,sqft,,,,Apt 5E,,,,
1772084,911 45th St W,55419,Minneapolis,MN,44.92118,-93.29139,475000,2,2,1622,SINGLE_FAMILY,FOR_SALE,-1,FALSE,FALSE,,,{'is_FSBA': True},FALSE,FALSE,FOR_SALE,475000,TRUE,FALSE,FALSE,USD,USA,368000,4356,sqft,,,,,,,,
1977738,2832 43rd Ave S,55406,Minneapolis,MN,44.95087,-93.21185,475000,2,4,1520,SINGLE_FAMILY,FOR_SALE,-1,FALSE,FALSE,,,{'is_FSBA': True},FALSE,FALSE,FOR_SALE,475000,TRUE,FALSE,FALSE,USD,USA,397000,5227.2,sqft,1.6691E+12,"$25,000 (Nov 22)",-25000,,,,,
1781668,3821 Lyndale Ave S,55409,Minneapolis,MN,44.933376,-93.28782,475000,2,3,2094,SINGLE_FAMILY,FOR_SALE,-1,FALSE,FALSE,,,{'is_comingSoon': True},FALSE,FALSE,FOR_SALE,475000,TRUE,FALSE,FALSE,USD,USA,346000,4791.6,sqft,,,,,,,,
2000447,2546 Dupont Ave S,55405,Minneapolis,MN,44.955986,-93.2935,489900,3,6,3100,MULTI_FAMILY,FOR_SALE,-1,FALSE,FALSE,,,{'is_FSBA': True},FALSE,FALSE,FOR_SALE,489900,TRUE,FALSE,FALSE,USD,USA,575000,5227.2,sqft,1.66392E+12,"$5,100 (Sep 23)",-5100,,,,,
1717302,3236 Emerson Ave S,55408,Minneapolis,MN,44.94352,-93.294876,499900,3,4,2060,SINGLE_FAMILY,FOR_SALE,-1,FALSE,FALSE,,,{'is_FSBA': True},FALSE,FALSE,FOR_SALE,499900,TRUE,FALSE,FALSE,USD,USA,498500,0.12,sqft,,,,,,,,
2001933,2707 Fremont Ave S,55408,Minneapolis,MN,44.953392,-93.295334,545000,4,6,2530,MULTI_FAMILY,FOR_SALE,-1,FALSE,FALSE,,,{'is_FSBA': True},FALSE,FALSE,FOR_SALE,545000,TRUE,FALSE,FALSE,USD,USA,491000,5227.2,sqft,1.66703E+12,"$10,000 (Oct 29)",-10000,,,,,
1802547,4253 27th Ave S,55406,Minneapolis,MN,44.925255,-93.23305,549900,2,4,2332,MULTI_FAMILY,FOR_SALE,-1,FALSE,FALSE,,,{'is_FSBA': True},FALSE,FALSE,FOR_SALE,549900,TRUE,FALSE,FALSE,USD,USA,439500,7405.2,sqft,,,,,,,,
64450474,601 Marquette Ave APT 301,55402,Minneapolis,MN,44.976864,-93.26998,575000,2,2,1849,CONDO,FOR_SALE,-1,FALSE,FALSE,,,{'is_FSBA': True},FALSE,FALSE,FOR_SALE,575000,TRUE,FALSE,FALSE,USD,USA,595000,0,sqft,1.6615E+12,,-75000,Apt 301,,,,
1793240,820 26th Ave NE,55418,Minneapolis,MN,45.014755,-93.2498,580000,3,3,1734,SINGLE_FAMILY,FOR_SALE,-1,FALSE,FALSE,,1175,{'is_newHome': True},FALSE,FALSE,FOR_SALE,580000,TRUE,FALSE,FALSE,USD,USA,10400,5662.8,sqft,,,,,,,BUILDER_SPEC,
1725959,3740 48th Ave S,55406,Minneapolis,MN,44.9345,-93.20552,595000,2,3,2554,SINGLE_FAMILY,FOR_SALE,-1,FALSE,FALSE,,,{'is_FSBA': True},FALSE,FALSE,FOR_SALE,595000,TRUE,FALSE,FALSE,USD,USA,515000,7405.2,sqft,1.66452E+12,"$45,000 (Sep 30)",-45000,,,,,
1782673,4326 Garfield Ave,55409,Minneapolis,MN,44.92415,-93.28736,629000,3,4,2585,SINGLE_FAMILY,FOR_SALE,-1,FALSE,FALSE,,,{'is_FSBA': True},FALSE,FALSE,FOR_SALE,629000,TRUE,FALSE,FALSE,USD,USA,518000,4791.6,sqft,,,,,,,,
1905030,5636 Clinton Ave,55419,Minneapolis,MN,44.900208,-93.2734,649000,3,4,2464,SINGLE_FAMILY,FOR_SALE,-1,FALSE,FALSE,,,{'is_FSBA': True},FALSE,FALSE,FOR_SALE,649000,TRUE,FALSE,FALSE,USD,USA,428000,0.23,sqft,1.66132E+12,,-16000,,,,,
1904863,5425 3rd Ave S,55419,Minneapolis,MN,44.904297,-93.272545,675000,3,4,2432,SINGLE_FAMILY,FOR_SALE,-1,FALSE,FALSE,,,{'is_FSBA': True},FALSE,FALSE,FOR_SALE,675000,TRUE,FALSE,FALSE,USD,USA,451000,5662.8,sqft,1.6685E+12,"$24,000 (Nov 15)",-24000,,,,,
1836550,4652 Colfax Ave S,55419,Minneapolis,MN,44.918,-93.29251,724900,3,4,2483,SINGLE_FAMILY,FOR_SALE,-1,FALSE,FALSE,,2199,{'is_FSBA': True},FALSE,FALSE,FOR_SALE,724900,TRUE,FALSE,FALSE,USD,USA,470000,5227.2,sqft,1.66841E+12,"$25,100 (Nov 14)",-25100,,,,,
71822412,525 3rd St N #202,55401,Minneapolis,MN,44.98552,-93.2771,750000,2,2,1575,CONDO,FOR_SALE,-1,FALSE,FALSE,,,{'is_FSBA': True},FALSE,FALSE,FOR_SALE,750000,TRUE,FALSE,FALSE,USD,USA,581500,,,,,,# 202,,,,
1920602,5621 Woodlawn Blvd,55417,Minneapolis,MN,44.900776,-93.24329,769900,2,3,3000,SINGLE_FAMILY,FOR_SALE,-1,FALSE,FALSE,,2237,{'is_FSBA': True},FALSE,FALSE,FOR_SALE,769900,TRUE,FALSE,FALSE,USD,USA,625000,0.28,acres,1.66245E+12,"$10,000 (Sep 6)",-10000,,,,,
1991954,2950 Dean Pkwy APT 1701,55416,Minneapolis,MN,44.94918,-93.31717,800000,2,3,1920,CONDO,FOR_SALE,-1,FALSE,FALSE,,,{'is_FSBA': True},FALSE,FALSE,FOR_SALE,800000,TRUE,FALSE,FALSE,USD,USA,611000,0.91,acres,,,,Apt 1701,,,,
1904885,340 Diamond Lake Rd E,55419,Minneapolis,MN,44.903694,-93.2709,825000,3,4,3242,SINGLE_FAMILY,FOR_SALE,-1,FALSE,FALSE,,,{'is_FSBA': True},FALSE,FALSE,FOR_SALE,825000,TRUE,FALSE,FALSE,USD,USA,670000,0.29,acres,,,,,,,,
1759527,3818 Sheridan Ave S,55410,Minneapolis,MN,44.933342,-93.31332,875000,3,3,2647,SINGLE_FAMILY,FOR_SALE,-1,FALSE,FALSE,,,{'is_FSBA': True},FALSE,FALSE,FOR_SALE,875000,TRUE,FALSE,FALSE,USD,USA,748000,5662.8,sqft,,,,,,,,
1830391,5063 Nicollet Ave,55419,Minneapolis,MN,44.910976,-93.277626,925000,4,4,3150,SINGLE_FAMILY,FOR_SALE,-1,FALSE,FALSE,,,{'is_FSBA': True},FALSE,FALSE,FOR_SALE,925000,TRUE,FALSE,FALSE,USD,USA,622000,0.35,acres,,,,,,,,
1848475,5240 Drew Ave S,55410,Minneapolis,MN,44.907673,-93.32683,1299900,4,4,3540,SINGLE_FAMILY,FOR_SALE,-1,FALSE,FALSE,334400,3599,{'is_newHome': True},FALSE,FALSE,FOR_SALE,1299900,TRUE,FALSE,FALSE,USD,USA,343000,5227.2,sqft,,,,,,,BUILDER_SPEC,
1991844,2801 28th St W,55416,Minneapolis,MN,44.95159,-93.3154,1099999,8,5,7898,SINGLE_FAMILY,FOR_SALE,-1,FALSE,FALSE,,7465,{'is_foreclosure': True},FALSE,FALSE,FOR_SALE,1099999,TRUE,FALSE,FALSE,USD,USA,1356000,0.3,acres,1.66685E+12,$1 (Oct 27),-1,,,,,
1906444,433 River St,55401,Minneapolis,MN,44.9886,-93.27113,1190000,4,3,3240,TOWNHOUSE,FOR_SALE,-1,FALSE,FALSE,,,{'is_FSBA': True},FALSE,FALSE,FOR_SALE,1190000,TRUE,FALSE,FALSE,USD,USA,1030000,4356,sqft,1.66859E+12,"$40,000 (Nov 16)",-40000,,,,,
2061921538,1111 W River Pkwy #29D,55415,Minneapolis,MN,44.977108,-93.25018,1195000,2,2,1426,CONDO,FOR_SALE,-1,FALSE,FALSE,,,{'is_newHome': True},FALSE,FALSE,FOR_SALE,1195000,TRUE,FALSE,FALSE,USD,USA,,,,,,,# 29D,,,NEW_CONSTRUCTION_TYPE_OTHER,
2061694644,3308 W 34 1/2 St,55416,Minneapolis,MN,44.940746,-93.321884,1275000,4,3,4467,SINGLE_FAMILY,FOR_SALE,-1,FALSE,FALSE,,,{'is_FSBA': True},FALSE,FALSE,FOR_SALE,1275000,TRUE,FALSE,FALSE,USD,USA,,6969.6,sqft,1.66746E+12,"$30,000 (Nov 3)",-30000,,,,,
1950983,1712 Dupont Ave S,55403,Minneapolis,MN,44.96696,-93.29345,1295000,3,5,4750,SINGLE_FAMILY,FOR_SALE,-1,FALSE,FALSE,,,{'is_FSBA': True},FALSE,FALSE,FOR_SALE,1295000,TRUE,FALSE,FALSE,USD,USA,1214000,6969.6,sqft,1.66556E+12,"$100,000 (Oct 12)",-100000,,,,,
1960334,1982 Kenwood Pkwy,55405,Minneapolis,MN,44.962975,-93.3117,2500000,5,5,4450,SINGLE_FAMILY,FOR_SALE,-1,FALSE,FALSE,1121400,6186,{'is_newHome': True},FALSE,FALSE,FOR_SALE,2500000,TRUE,FALSE,FALSE,USD,USA,983000,0.46,acres,,,,,,,BUILDER_SPEC,
1761558,4412 Thomas Ave S,55410,Minneapolis,MN,44.922726,-93.31412,1999900,5,5,4215,SINGLE_FAMILY,FOR_SALE,-1,FALSE,FALSE,,,{'is_newHome': True},FALSE,FALSE,FOR_SALE,1999900,TRUE,FALSE,FALSE,USD,USA,705000,7405.2,sqft,,,,,,,BUILDER_SPEC,
118633261,1415 Mount Curve Ave,55403,Minneapolis,MN,44.967136,-93.29751,3600000,10,8,11731,SINGLE_FAMILY,FOR_SALE,-1,FALSE,FALSE,,,{'is_FSBA': True},FALSE,FALSE,FOR_SALE,3600000,TRUE,FALSE,FALSE,USD,USA,3368000,0.61,acres,1.65519E+12,,-200000,,,,,
2062941382,2427 E Lake Of The Isles Pkwy,55405,Minneapolis,MN,44.958614,-93.302284,4500000,8,4,8323,SINGLE_FAMILY,FOR_SALE,-1,FALSE,FALSE,,,{'is_FSBA': True},FALSE,FALSE,FOR_SALE,4500000,TRUE,FALSE,FALSE,USD,USA,,0.42,acres,,,,,,,,
