zpid,streetAddress,zipcode,city,state,latitude,longitude,price,bathrooms,bedrooms,livingArea,homeType,homeStatus,daysOnZillow,isFeatured,shouldHighlight,zestimate,rentZestimate,listing_sub_type,isUnmappable,isPreforeclosureAuction,homeStatusForHDP,priceForHDP,isNonOwnerOccupied,isPremierBuilder,isZillowOwned,currency,country,taxAssessedValue,lotAreaValue,lotAreaUnit,datePriceChanged,priceReduction,priceChange,providerListingID,newConstructionType,unit,videoCount,openHouse,open_house_info
2256375,8893 Springwood Dr,55125,Woodbury,MN,44.898663,-92.924385,849000,4,5,4605,SINGLE_FAMILY,FOR_SALE,-1,FALSE,FALSE,963800,5250,{'is_FSBA': True},FALSE,FALSE,FOR_SALE,849000,TRUE,FALSE,FALSE,USD,USA,630800,0.44,acres,,,,,,,,,
2065676051,11277 Crestbury Dr,55129,Saint Paul,MN,44.931637,-92.87718,379990,3,3,1883,TOWNHOUSE,FOR_SALE,-1,FALSE,FALSE,395600,2462,{'is_newHome': True},FALSE,FALSE,FOR_SALE,379990,TRUE,TRUE,FALSE,USD,USA,,0.06,sqft,1.67E+12,"$5,000 (Nov 7)",-5000,28977951,BUILDER_SPEC,,,,
240363293,4991 Sunflower Pl,55129,Woodbury,MN,44.87675,-92.91785,985000,3,3,2912,SINGLE_FAMILY,FOR_SALE,-1,FALSE,FALSE,999600,5489,{'is_newHome': True},FALSE,FALSE,FOR_SALE,985000,TRUE,FALSE,FALSE,USD,USA,180000,0.3,acres,1.67E+12,"$10,000 (Nov 17)",-10000,,BUILDER_SPEC,,,,
88931757,2428 Cochrane Cir,55125,Woodbury,MN,44.914165,-92.9667,186000,1,2,1009,TOWNHOUSE,FOR_SALE,-1,FALSE,FALSE,200000,1494,{'is_FSBA': True},FALSE,FALSE,FOR_SALE,186000,TRUE,FALSE,FALSE,USD,USA,145500,5662.8,sqft,1.67E+12,"$14,000 (Nov 24)",-14000,,,,,,
2229088,1863 Orchard Dr,55125,Woodbury,MN,44.921795,-92.91456,509000,4,5,2968,SINGLE_FAMILY,FOR_SALE,-1,FALSE,FALSE,517502,2579,{'is_FSBA': True},FALSE,FALSE,FOR_SALE,509000,TRUE,FALSE,FALSE,USD,USA,402600,10018.8,sqft,1.67E+12,"$8,500 (Nov 28)",-8500,,,,,,
299623491,9631 Westwind Cir,55129,Woodbury,MN,44.86792,-92.90926,653000,4,5,2975,SINGLE_FAMILY,FOR_SALE,-1,FALSE,FALSE,658700,3638,{'is_newHome': True},FALSE,FALSE,FOR_SALE,653000,TRUE,FALSE,FALSE,USD,USA,135000,8276.4,sqft,,,,,BUILDER_SPEC,,,,
299623658,9627 Westwind Cir,55129,Woodbury,MN,44.867916,-92.90976,636300,3,3,2656,SINGLE_FAMILY,FOR_SALE,-1,FALSE,FALSE,638300,3521,{'is_newHome': True},FALSE,FALSE,FOR_SALE,636300,TRUE,FALSE,FALSE,USD,USA,135000,8276.4,sqft,,,,,BUILDER_SPEC,,,,
2213024,680 Woodduck Dr APT B,55125,Woodbury,MN,44.939064,-92.94338,235000,2,2,1272,TOWNHOUSE,FOR_SALE,-1,FALSE,FALSE,237000,1798,{'is_FSBA': True},FALSE,FALSE,FOR_SALE,235000,TRUE,FALSE,FALSE,USD,USA,189700,,,,,,,,Apt B,,,
2246299,2646 Mallard Dr,55125,Woodbury,MN,44.90988,-92.97626,226000,2,2,1160,TOWNHOUSE,FOR_SALE,-1,FALSE,FALSE,227900,1610,{'is_FSBA': True},FALSE,FALSE,FOR_SALE,226000,TRUE,FALSE,FALSE,USD,USA,183700,,,,,,,,,,,
299623143,4809 Copper Cir,55129,Woodbury,MN,44.876743,-92.925224,495000,3,3,2409,SINGLE_FAMILY,FOR_SALE,-1,FALSE,FALSE,496300,2636,{'is_FSBA': True},FALSE,FALSE,FOR_SALE,495000,TRUE,FALSE,FALSE,USD,USA,415100,7405.2,sqft,1.66E+12,,-10000,,,,,,
2243959,7943 Forest Blvd APT J,55125,Woodbury,MN,44.905823,-92.94529,230000,2,2,1138,TOWNHOUSE,FOR_SALE,-1,FALSE,FALSE,231200,1694,{'is_FSBA': True},FALSE,FALSE,FOR_SALE,230000,TRUE,FALSE,FALSE,USD,USA,185600,1306.8,sqft,,,,,,Apt J,,,
2259858,3398 Williamsburg Pkwy,55129,Woodbury,MN,44.8995,-92.898415,598789,4,5,3651,SINGLE_FAMILY,FOR_SALE,-1,FALSE,FALSE,599900,3294,{'is_FSBA': True},FALSE,FALSE,FOR_SALE,598789,TRUE,FALSE,FALSE,USD,USA,444100,0.34,acres,1.67E+12,"$1,111 (Nov 7)",-1111,,,,,,
2061701240,11263 Crestbury Dr,55129,Saint Paul,MN,44.931637,-92.87718,434990,3,3,1983,TOWNHOUSE,FOR_SALE,-1,FALSE,FALSE,436100,2427,{'is_newHome': True},FALSE,FALSE,FOR_SALE,434990,TRUE,TRUE,FALSE,USD,USA,,0.06,sqft,1.66E+12,"$5,000 (Sep 23)",-5000,28977951,BUILDER_SPEC,,,,
299642076,10787 Retreat Ln,55129,Woodbury,MN,44.939358,-92.8877,425000,3,3,1680,TOWNHOUSE,FOR_SALE,-1,FALSE,FALSE,426000,2100,{'is_FSBA': True},FALSE,FALSE,FOR_SALE,425000,TRUE,FALSE,FALSE,USD,USA,317300,2178,sqft,,,,,,,,,
63405641,10776 Falling Water Ln UNIT G,55129,Woodbury,MN,44.92139,-92.88811,429900,3,2,1927,TOWNHOUSE,FOR_SALE,-1,FALSE,FALSE,430700,2395,{'is_FSBA': True},FALSE,FALSE,FOR_SALE,429900,TRUE,FALSE,FALSE,USD,USA,308300,10454.4,sqft,,,,,,Unit G,1,,
2270851,6461 Crackleberry Trl,55129,Woodbury,MN,44.874016,-92.97325,799900,4,4,3700,SINGLE_FAMILY,FOR_SALE,-1,FALSE,FALSE,800500,3614,"{'is_openHouse': True, 'is_FSBA': True}",FALSE,FALSE,FOR_SALE,799900,TRUE,FALSE,FALSE,USD,USA,470300,4.61,acres,1.67E+12,"$30,000 (Oct 24)",-30000,,,,1,Sat. 11:30am-1pm,"{'open_house_showing': [{'open_house_start': 1670095800000, 'open_house_end': 1670101200000}]}"
64991034,4743 Radio Dr,55129,Woodbury,MN,44.880253,-92.94253,799900,2,4,3881,SINGLE_FAMILY,FOR_SALE,-1,FALSE,FALSE,800100,3358,{'is_FSBA': True},FALSE,FALSE,FOR_SALE,799900,TRUE,FALSE,FALSE,USD,USA,377300,2.59,acres,,,,,,,,,
299623590,8786 Granite Cir,55129,Woodbury,MN,44.882355,-92.927666,378900,4,3,2046,TOWNHOUSE,FOR_SALE,-1,FALSE,FALSE,379035,2327,{'is_FSBA': True},FALSE,FALSE,FOR_SALE,378900,TRUE,FALSE,FALSE,USD,USA,297600,1306.8,sqft,1.66E+12,$100 (Oct 5),-100,,,,,,
2243263,2080 Cameron Dr,55125,Woodbury,MN,44.91796,-92.96128,520000,3,5,3450,SINGLE_FAMILY,FOR_SALE,-1,FALSE,FALSE,520074,3314,{'is_FSBA': True},FALSE,FALSE,FOR_SALE,520000,TRUE,FALSE,FALSE,USD,USA,331500,0.27,acres,,,,,,,,,
2268550,4651 Wild Canyon Trl,55129,Woodbury,MN,44.881676,-92.98016,774900,4,4,4811,SINGLE_FAMILY,FOR_SALE,-1,FALSE,FALSE,774907,4361,{'is_FSBA': True},FALSE,FALSE,FOR_SALE,774900,TRUE,FALSE,FALSE,USD,USA,545200,2.17,acres,1.67E+12,"$5,000 (Nov 7)",-5000,,,,,,
2268557,4890 Wild Canyon Dr,55129,Woodbury,MN,44.8777,-92.98313,869900,4,4,6638,SINGLE_FAMILY,FOR_SALE,-1,FALSE,FALSE,869904,4910,{'is_FSBA': True},FALSE,FALSE,FOR_SALE,869900,TRUE,FALSE,FALSE,USD,USA,672300,1.87,acres,1.67E+12,"$30,100 (Oct 13)",-30100,,,,,,
249236152,5019 Dale Ridge Rd,55129,Woodbury,MN,44.87575,-92.91586,659900,3,3,2842,SINGLE_FAMILY,FOR_SALE,-1,FALSE,FALSE,659904,3597,"{'is_newHome': True, 'is_openHouse': True}",FALSE,FALSE,FOR_SALE,659900,TRUE,FALSE,FALSE,USD,USA,119000,0.14,sqft,,,,,BUILDER_SPEC,,,Thu. 12-4pm,"{'open_house_showing': [{'open_house_start': 1669924800000, 'open_house_end': 1669939200000}, {'open_house_start': 1670011200000, 'open_house_end': 1670025600000}, {'open_house_start': 1670097600000, 'open_house_end': 1670112000000}, {'open_house_start': 1670184000000, 'open_house_end': 1670198400000}, {'open_house_start': 1670529600000, 'open_house_end': 1670544000000}, {'open_house_start': 1670616000000, 'open_house_end': 1670630400000}, {'open_house_start': 1670702400000, 'open_house_end': 1670716800000}, {'open_house_start': 1670788800000, 'open_house_end': 1670803200000}, {'open_house_start': 1671134400000, 'open_house_end': 1671148800000}, {'open_house_start': 1671220800000, 'open_house_end': 1671235200000}, {'open_house_start': 1671307200000, 'open_house_end': 1671321600000}, {'open_house_start': 1671393600000, 'open_house_end': 1671408000000}]}"
2256948,3506 N View Ln,55125,Woodbury,MN,44.897957,-92.93185,586000,4,4,3663,SINGLE_FAMILY,FOR_SALE,-1,FALSE,FALSE,586004,2898,{'is_FSBA': True},FALSE,FALSE,FOR_SALE,586000,TRUE,FALSE,FALSE,USD,USA,428100,10454.4,sqft,,,,,,,,,
2248604,6844 Buckingham Ct,55125,Woodbury,MN,44.90439,-92.96649,277900,2,3,1770,TOWNHOUSE,FOR_SALE,-1,FALSE,FALSE,277902,1764,{'is_FSBA': True},FALSE,FALSE,FOR_SALE,277900,TRUE,FALSE,FALSE,USD,USA,222800,6534,sqft,,,,,,,,,
59742337,8634 Savanna Oaks Bay UNIT G,55125,Woodbury,MN,44.90626,-92.93125,279000,2,2,1479,TOWNHOUSE,FOR_SALE,-1,FALSE,FALSE,279002,1849,{'is_FSBA': True},FALSE,FALSE,FOR_SALE,279000,TRUE,FALSE,FALSE,USD,USA,199200,0.79,acres,,,,,,Unit G,,,
316356842,4530 Cobalt Dr,55129,Woodbury,MN,44.87944,-92.933525,400000,2,3,1898,SINGLE_FAMILY,FOR_SALE,-1,FALSE,FALSE,400002,2425,{'is_FSBA': True},FALSE,FALSE,FOR_SALE,400000,TRUE,FALSE,FALSE,USD,USA,339000,10018.8,sqft,1.67E+12,"$29,900 (Nov 1)",-29900,,,,,,
2238147,2725 Bexley Dr,55125,Woodbury,MN,44.90954,-92.912285,375000,3,5,2217,SINGLE_FAMILY,FOR_SALE,-1,FALSE,FALSE,375002,1930,{'is_FSBA': True},FALSE,FALSE,FOR_SALE,375000,TRUE,FALSE,FALSE,USD,USA,301400,0.28,acres,,,,,,,,,
88932278,10917 Ashley Ln,55129,Woodbury,MN,44.935097,-92.88448,524900,4,4,3217,SINGLE_FAMILY,FOR_SALE,-1,FALSE,FALSE,524902,3104,{'is_FSBA': True},FALSE,FALSE,FOR_SALE,524900,TRUE,FALSE,FALSE,USD,USA,411500,8276.4,sqft,,,,,,,,,
249236164,4307 Corn Silk Ln,55129,Woodbury,MN,44.886154,-92.9527,375000,3,3,1792,TOWNHOUSE,FOR_SALE,-1,FALSE,FALSE,375002,2248,{'is_FSBA': True},FALSE,FALSE,FOR_SALE,375000,TRUE,FALSE,FALSE,USD,USA,334900,2613.6,sqft,1.67E+12,"$14,900 (Oct 26)",-14900,,,,,,
55378819,2525 Cobble Hill Ct UNIT J,55125,Woodbury,MN,44.91191,-92.97092,240000,2,2,1240,TOWNHOUSE,FOR_SALE,-1,FALSE,FALSE,240002,1656,{'is_FSBA': True},FALSE,FALSE,FOR_SALE,240000,TRUE,FALSE,FALSE,USD,USA,169000,435.6,sqft,1.67E+12,"$4,000 (Oct 13)",-4000,,,Unit J,,,
2263055,4935 Radio Dr,55129,Woodbury,MN,44.877014,-92.94296,499900,3,5,2644,SINGLE_FAMILY,FOR_SALE,-1,FALSE,FALSE,499902,2600,{'is_FSBA': True},FALSE,FALSE,FOR_SALE,499900,TRUE,FALSE,FALSE,USD,USA,366800,0.9,acres,1.67E+12,"$50,100 (Nov 12)",-50100,,,,,,
299623747,4246 Corn Silk Way,55129,Woodbury,MN,44.886913,-92.953224,359000,3,3,1719,TOWNHOUSE,FOR_SALE,-1,FALSE,FALSE,359002,2300,{'is_FSBA': True},FALSE,FALSE,FOR_SALE,359000,TRUE,FALSE,FALSE,USD,USA,319700,,,1.67E+12,"$15,500 (Nov 1)",-15500,,,,,,
2249170,3692 York Cir,55125,Woodbury,MN,44.89526,-92.97026,255000,2,2,1553,TOWNHOUSE,FOR_SALE,-1,FALSE,FALSE,255001,1928,{'is_FSBA': True},FALSE,FALSE,FOR_SALE,255000,TRUE,FALSE,FALSE,USD,USA,194200,3920.4,sqft,,,,,,,,,
249236018,5025 Sandpebble Ln,55129,Woodbury,MN,44.871246,-92.92107,589000,3,4,3046,SINGLE_FAMILY,FOR_SALE,-1,FALSE,FALSE,589001,3063,{'is_FSBA': True},FALSE,FALSE,FOR_SALE,589000,TRUE,FALSE,FALSE,USD,USA,471900,9147.6,sqft,,,,,,,,,
2215065,284 Cambria Ct,55125,Woodbury,MN,44.943634,-92.94932,229900,3,3,1650,TOWNHOUSE,FOR_SALE,-1,FALSE,FALSE,229901,2149,{'is_FSBA': True},FALSE,FALSE,FOR_SALE,229900,TRUE,FALSE,FALSE,USD,USA,178900,5227.2,sqft,1.67E+12,"$10,000 (Oct 25)",-10000,,,,,,
55376839,789 Woodduck Dr,55125,Woodbury,MN,44.937256,-92.94168,320000,3,4,2600,TOWNHOUSE,FOR_SALE,-1,FALSE,FALSE,320001,2910,{'is_FSBA': True},FALSE,FALSE,FOR_SALE,320000,TRUE,FALSE,FALSE,USD,USA,340200,0.36,acres,1.66E+12,"$5,000 (Oct 2)",-5000,,,,,,
2271057,6667 Orchard Ridge Trl,55129,Woodbury,MN,44.863686,-92.96864,1250000,4,5,3740,SINGLE_FAMILY,FOR_SALE,-1,FALSE,FALSE,1250000,4577,{'is_FSBA': True},FALSE,FALSE,FOR_SALE,1250000,TRUE,FALSE,FALSE,USD,USA,616900,7.27,acres,,,,,,,,,
2260054,3652 Williamsburg Pkwy,55129,Woodbury,MN,44.896015,-92.900406,522500,4,5,4036,SINGLE_FAMILY,FOR_SALE,-1,FALSE,FALSE,522500,3428,{'is_FSBA': True},FALSE,FALSE,FOR_SALE,522500,TRUE,FALSE,FALSE,USD,USA,462100,0.31,acres,1.67E+12,"$37,400 (Nov 4)",-37400,,,,,,
2256435,8087 Enclave Bay,55125,Woodbury,MN,44.89977,-92.94242,647000,4,4,3649,SINGLE_FAMILY,FOR_SALE,-1,FALSE,FALSE,647000,3513,{'is_FSBA': True},FALSE,FALSE,FOR_SALE,647000,TRUE,FALSE,FALSE,USD,USA,502800,0.44,acres,,,,,,,,,
119333718,3280 Arden Plz,55129,Woodbury,MN,44.902927,-92.87966,780000,5,6,4663,SINGLE_FAMILY,FOR_SALE,-1,FALSE,FALSE,780000,4312,{'is_FSBA': True},FALSE,FALSE,FOR_SALE,780000,TRUE,FALSE,FALSE,USD,USA,627600,0.29,acres,,,,,,,,,
2218963,1476 Woodhill Dr,55125,Woodbury,MN,44.927696,-92.978,350000,2,4,2000,SINGLE_FAMILY,FOR_SALE,-1,FALSE,FALSE,350000,2499,{'is_FSBA': True},FALSE,FALSE,FOR_SALE,350000,TRUE,FALSE,FALSE,USD,USA,266100,7840.8,sqft,,,,,,,,,
2256710,3864 Homestead Dr,55125,Woodbury,MN,44.892193,-92.943375,505000,4,4,3209,SINGLE_FAMILY,FOR_SALE,-1,FALSE,FALSE,505000,3065,{'is_FSBA': True},FALSE,FALSE,FOR_SALE,505000,TRUE,FALSE,FALSE,USD,USA,361800,0.3,acres,,,,,,,,,
2251951,7054 Sherwood Rd,55125,Woodbury,MN,44.90165,-92.9621,384900,2,4,1843,SINGLE_FAMILY,FOR_SALE,-1,FALSE,FALSE,384900,2524,{'is_FSBA': True},FALSE,FALSE,FOR_SALE,384900,TRUE,FALSE,FALSE,USD,USA,294900,0.25,acres,1.67E+12,"$15,000 (Nov 22)",-15000,,,,,,
299623169,9648 Westwind Trl,55129,Woodbury,MN,44.867634,-92.91064,715900,3,4,3002,SINGLE_FAMILY,FOR_SALE,-1,FALSE,FALSE,715900,3919,{'is_newHome': True},FALSE,FALSE,FOR_SALE,715900,TRUE,FALSE,FALSE,USD,USA,135000,9583.2,sqft,,,,,BUILDER_SPEC,,,,
2213449,970 Winterberry Dr,55125,Woodbury,MN,44.934624,-92.929436,325000,3,2,1869,TOWNHOUSE,FOR_SALE,-1,FALSE,FALSE,325000,2284,{'is_FSBA': True},FALSE,FALSE,FOR_SALE,325000,TRUE,FALSE,FALSE,USD,USA,247800,2178,sqft,1.67E+12,"$20,000 (Nov 16)",-20000,,,,,,
240363295,4985 Sunflower Pl,55129,Woodbury,MN,44.876694,-92.91682,1225500,6,5,3509,SINGLE_FAMILY,FOR_SALE,-1,FALSE,FALSE,1225500,6665,{'is_newHome': True},FALSE,FALSE,FOR_SALE,1225500,TRUE,FALSE,FALSE,USD,USA,185000,0.4,acres,,,,,BUILDER_SPEC,,,,
2228920,1692 Colby Lake Dr,55125,Woodbury,MN,44.92395,-92.91974,424900,3,3,2235,SINGLE_FAMILY,FOR_SALE,-1,FALSE,FALSE,424900,2499,{'is_FSBA': True},FALSE,FALSE,FOR_SALE,424900,TRUE,FALSE,FALSE,USD,USA,364000,0.25,acres,,,,,,,,,
2249191,6596 Falstaff Rd,55125,Woodbury,MN,44.897083,-92.9734,275000,2,2,1531,TOWNHOUSE,FOR_SALE,-1,FALSE,FALSE,275000,1716,{'is_FSBA': True},FALSE,FALSE,FOR_SALE,275000,TRUE,FALSE,FALSE,USD,USA,215800,7840.8,sqft,,,,,,,,,
2228845,9352 Redwell Ln,55125,Woodbury,MN,44.926605,-92.91659,540000,4,5,3091,SINGLE_FAMILY,FOR_SALE,-1,FALSE,FALSE,540000,2896,{'is_FSBA': True},FALSE,FALSE,FOR_SALE,540000,TRUE,FALSE,FALSE,USD,USA,388000,0.3,acres,1.67E+12,"$10,000 (Nov 10)",-10000,,,,,,
2240812,8177 Lori Ln,55125,Woodbury,MN,44.907818,-92.94021,525000,4,5,2877,SINGLE_FAMILY,FOR_SALE,-1,FALSE,FALSE,525000,2898,{'is_comingSoon': True},FALSE,FALSE,FOR_SALE,525000,TRUE,FALSE,FALSE,USD,USA,386800,0.3,acres,,,,,,,,,
2252416,3587 Commonwealth Cir,55125,Woodbury,MN,44.895374,-92.950645,550000,4,4,3934,SINGLE_FAMILY,FOR_SALE,-1,FALSE,FALSE,550000,2883,{'is_FSBA': True},FALSE,FALSE,FOR_SALE,550000,TRUE,FALSE,FALSE,USD,USA,436400,0.25,acres,,,,,,,,,
2252373,3830 Oxford Dr,55125,Woodbury,MN,44.896988,-92.952225,499900,4,5,3196,SINGLE_FAMILY,FOR_SALE,-1,FALSE,FALSE,499900,3065,{'is_FSBA': True},FALSE,FALSE,FOR_SALE,499900,TRUE,FALSE,FALSE,USD,USA,386500,0.26,acres,1.67E+12,"$10,000 (Nov 7)",-10000,,,,,,
2247050,6812 Fremont Ln,55125,Woodbury,MN,44.905846,-92.96804,349000,2,2,1317,TOWNHOUSE,FOR_SALE,-1,FALSE,FALSE,349000,1778,{'is_FSBA': True},FALSE,FALSE,FOR_SALE,349000,TRUE,FALSE,FALSE,USD,USA,258500,3049.2,sqft,,,,,,,,,
2237887,2823 Wimbledon Rdg,55125,Woodbury,MN,44.907696,-92.91947,258000,2,2,1446,TOWNHOUSE,FOR_SALE,-1,FALSE,FALSE,258000,1849,{'is_FSBA': True},FALSE,FALSE,FOR_SALE,258000,TRUE,FALSE,FALSE,USD,USA,209600,1742.4,sqft,,,,,,,,,
88926711,10487 Kilbirnie Rd,55129,Woodbury,MN,44.935474,-92.89276,549950,4,5,3644,SINGLE_FAMILY,FOR_SALE,-1,FALSE,FALSE,549800,3499,{'is_FSBA': True},FALSE,FALSE,FOR_SALE,549950,TRUE,FALSE,FALSE,USD,USA,399400,9147.6,sqft,1.67E+12,"$25,050 (Oct 16)",-25050,,,,,,
88923941,2413 Fieldstone Curv,55129,Woodbury,MN,44.91432,-92.88094,799000,4,5,4014,SINGLE_FAMILY,FOR_SALE,-1,FALSE,FALSE,798800,3893,{'is_FSBA': True},FALSE,FALSE,FOR_SALE,799000,TRUE,FALSE,FALSE,USD,USA,564500,0.31,acres,,,,,,,,,
2258942,9510 Wedgewood Dr,55125,Woodbury,MN,44.899,-92.91316,800000,3,3,3365,SINGLE_FAMILY,FOR_SALE,-1,FALSE,FALSE,799700,4137,{'is_FSBA': True},FALSE,FALSE,FOR_SALE,800000,TRUE,FALSE,FALSE,USD,USA,605200,0.35,sqft,,,,,,,,,
2252570,7916 Hill Rd,55125,Woodbury,MN,44.894253,-92.945114,624900,4,5,4198,SINGLE_FAMILY,FOR_SALE,-1,FALSE,FALSE,624600,3456,{'is_FSBA': True},FALSE,FALSE,FOR_SALE,624900,TRUE,FALSE,FALSE,USD,USA,460000,0.39,acres,1.67E+12,"$9,100 (Oct 22)",-9100,,,,,,
316356637,4354 Monarch Dr,55129,Woodbury,MN,44.88558,-92.903984,539900,2,3,1821,SINGLE_FAMILY,FOR_SALE,-1,FALSE,FALSE,539206,2394,{'is_newHome': True},FALSE,FALSE,FOR_SALE,539900,TRUE,FALSE,FALSE,USD,USA,130500,7405.2,sqft,,,,,BUILDER_SPEC,,,,
2225235,1263 Silverwood Rd,55125,Woodbury,MN,44.930195,-92.92765,399928,2,3,2503,SINGLE_FAMILY,FOR_SALE,-1,FALSE,FALSE,398900,2499,{'is_FSBA': True},FALSE,FALSE,FOR_SALE,399928,TRUE,FALSE,FALSE,USD,USA,344300,9147.6,sqft,1.67E+12,"$10,072 (Oct 14)",-10072,,,,,,
247475572,4360 Corn Silk Ln,55129,Woodbury,MN,44.88595,-92.950134,400000,4,4,2450,TOWNHOUSE,FOR_SALE,-1,FALSE,FALSE,398500,2350,{'is_FSBA': True},FALSE,FALSE,FOR_SALE,400000,TRUE,FALSE,FALSE,USD,USA,335900,1742.4,sqft,,,,,,,,,
88927377,10791 Oak Grove Blvd,55129,Woodbury,MN,44.893097,-92.88716,549900,3,3,2858,TOWNHOUSE,FOR_SALE,-1,FALSE,FALSE,547700,3036,{'is_FSBA': True},FALSE,FALSE,FOR_SALE,549900,TRUE,FALSE,FALSE,USD,USA,452100,8712,sqft,,,,,,,,,
299622398,8748 Granite Ln,55129,Woodbury,MN,44.881973,-92.92791,378900,4,3,2046,TOWNHOUSE,FOR_SALE,-1,FALSE,FALSE,376471,2318,{'is_FSBA': True},FALSE,FALSE,FOR_SALE,378900,TRUE,FALSE,FALSE,USD,USA,295600,1306.8,sqft,1.66E+12,$100 (Oct 5),-100,,,,,,
2221167,7826 Pinehurst Rd,55125,Woodbury,MN,44.930843,-92.94643,610000,4,4,4140,SINGLE_FAMILY,FOR_SALE,-1,FALSE,FALSE,607458,3300,{'is_FSBA': True},FALSE,FALSE,FOR_SALE,610000,TRUE,FALSE,FALSE,USD,USA,422500,0.45,acres,1.67E+12,"$10,000 (Nov 26)",-10000,,,,,,
2246705,2628 Copper Cliff Trl,55125,Woodbury,MN,44.909096,-92.96812,399900,2,3,1950,SINGLE_FAMILY,FOR_SALE,-1,FALSE,FALSE,397300,2320,{'is_FSBA': True},FALSE,FALSE,FOR_SALE,399900,TRUE,FALSE,FALSE,USD,USA,296700,9583.2,sqft,1.66E+12,"$10,099 (Sep 13)",-10099,,,,,,
2229029,1832 Lochaven Dr,55125,Woodbury,MN,44.92247,-92.919716,585000,4,4,3260,SINGLE_FAMILY,FOR_SALE,-1,FALSE,FALSE,582300,2849,{'is_FSBA': True},FALSE,FALSE,FOR_SALE,585000,TRUE,FALSE,FALSE,USD,USA,433400,0.31,acres,,,,,,,,,
2237531,9108 Cambridge Rd,55125,Woodbury,MN,44.915985,-92.92282,499000,4,5,3164,SINGLE_FAMILY,FOR_SALE,-1,FALSE,FALSE,496300,2995,{'is_FSBA': True},FALSE,FALSE,FOR_SALE,499000,TRUE,FALSE,FALSE,USD,USA,379800,0.3,acres,1.67E+12,"$16,000 (Nov 18)",-16000,,,,,,
333958465,4556 Schilling Way,55129,Woodbury,MN,44.88231,-92.953896,525000,3,3,2506,TOWNHOUSE,FOR_SALE,-1,FALSE,FALSE,521926,2565,{'is_FSBA': True},FALSE,FALSE,FOR_SALE,525000,TRUE,FALSE,FALSE,USD,USA,145000,0.34,acres,1.67E+12,"$5,000 (Oct 13)",-5000,,,,,,
2215152,121 Bordeaux Ct,55125,Woodbury,MN,44.944847,-92.948814,195000,1,2,1000,TOWNHOUSE,FOR_SALE,-1,FALSE,FALSE,191800,1499,{'is_FSBA': True},FALSE,FALSE,FOR_SALE,195000,TRUE,FALSE,FALSE,USD,USA,151000,,,1.67E+12,"$5,000 (Nov 16)",-5000,,,,,,
299623236,4210 Corn Silk Way,55129,Woodbury,MN,44.886486,-92.951675,389000,3,3,1832,TOWNHOUSE,FOR_SALE,-1,FALSE,FALSE,385525,2326,{'is_FSBA': True},FALSE,FALSE,FOR_SALE,389000,TRUE,FALSE,FALSE,USD,USA,344600,2613.6,sqft,1.67E+12,"$10,900 (Oct 20)",-10900,,,,,,
2258935,9662 Wedgewood Ct,55125,Woodbury,MN,44.9004,-92.91074,650000,3,4,3560,SINGLE_FAMILY,FOR_SALE,-1,FALSE,FALSE,646500,3979,{'is_FSBA': True},FALSE,FALSE,FOR_SALE,650000,TRUE,FALSE,FALSE,USD,USA,448300,0.38,acres,1.67E+12,"$29,900 (Nov 10)",-29900,,,,,,
101663783,10589 Watersedge Ln,55129,Woodbury,MN,44.928497,-92.89197,585000,3,4,2821,SINGLE_FAMILY,FOR_SALE,-1,FALSE,FALSE,581300,3271,"{'is_openHouse': True, 'is_FSBA': True}",FALSE,FALSE,FOR_SALE,585000,TRUE,FALSE,FALSE,USD,USA,451100,0.34,acres,1.67E+12,"$14,900 (Oct 31)",-14900,,,,,Sat. 12-2pm,"{'open_house_showing': [{'open_house_start': 1670097600000, 'open_house_end': 1670104800000}]}"
61280286,8525 Savanna Oaks Ln,55125,Woodbury,MN,44.908176,-92.93331,454999,3,3,2211,SINGLE_FAMILY,FOR_SALE,-1,FALSE,FALSE,451200,2482,{'is_FSBA': True},FALSE,FALSE,FOR_SALE,454999,TRUE,FALSE,FALSE,USD,USA,322000,7840.8,sqft,1.67E+12,"$10,000 (Oct 18)",-10000,,,,,,
2215038,218 Cambria Ct,55125,Woodbury,MN,44.943707,-92.95034,184900,1,2,1000,TOWNHOUSE,FOR_SALE,-1,FALSE,FALSE,181000,1500,{'is_FSBA': True},FALSE,FALSE,FOR_SALE,184900,TRUE,FALSE,FALSE,USD,USA,148400,5662.8,sqft,1.67E+12,"$5,000 (Nov 18)",-5000,,,,,,
2063255728,11279 Crestbury Dr,55129,Saint Paul,MN,44.934208,-92.87677,369990,3,3,1883,TOWNHOUSE,FOR_SALE,-1,FALSE,FALSE,366085,2469,{'is_newHome': True},FALSE,FALSE,FOR_SALE,369990,TRUE,TRUE,FALSE,USD,USA,,2613.6,sqft,1.67E+12,"$23,615 (Nov 8)",-23615,28977951,BUILDER_SPEC,,,,
2061206675,4604 Benjamin Pl,55129,Saint Paul,MN,44.880775,-92.94968,464990,2,2,1785,SINGLE_FAMILY,FOR_SALE,-1,FALSE,FALSE,460992,1995,"{'is_newHome': True, 'is_openHouse': True}",FALSE,FALSE,FOR_SALE,464990,TRUE,TRUE,FALSE,USD,USA,,7840.8,sqft,1.67E+12,"$5,000 (Nov 10)",-5000,28500432,BUILDER_SPEC,,,Sat. 11am-6pm,"{'open_house_showing': [{'open_house_start': 1670094000000, 'open_house_end': 1670119200000}, {'open_house_start': 1670180400000, 'open_house_end': 1670205600000}, {'open_house_start': 1670698800000, 'open_house_end': 1670724000000}, {'open_house_start': 1670785200000, 'open_house_end': 1670810400000}, {'open_house_start': 1671303600000, 'open_house_end': 1671328800000}, {'open_house_start': 1671390000000, 'open_house_end': 1671415200000}, {'open_house_start': 1671908400000, 'open_house_end': 1671933600000}, {'open_house_start': 1671994800000, 'open_house_end': 1672020000000}, {'open_house_start': 1672513200000, 'open_house_end': 1672538400000}]}"
55378037,10641 Golden Eagle Trl,55129,Woodbury,MN,44.905643,-92.88868,536900,4,3,4045,SINGLE_FAMILY,FOR_SALE,-1,FALSE,FALSE,532900,2896,{'is_comingSoon': True},FALSE,FALSE,FOR_SALE,536900,TRUE,FALSE,FALSE,USD,USA,446100,0.27,acres,,,,,,,,,
316356640,4378 Monarch Dr,55129,Woodbury,MN,44.885166,-92.90398,569900,2,2,1867,SINGLE_FAMILY,FOR_SALE,-1,FALSE,FALSE,565656,2268,{'is_newHome': True},FALSE,FALSE,FOR_SALE,569900,TRUE,FALSE,FALSE,USD,USA,130500,7405.2,sqft,1.67E+12,,10000,,BUILDER_SPEC,,,,
299618754,3281 Mulberry Bay,55129,Woodbury,MN,44.901466,-92.87684,539900,3,3,2210,TOWNHOUSE,FOR_SALE,-1,FALSE,FALSE,535257,2395,{'is_newHome': True},FALSE,FALSE,FOR_SALE,539900,TRUE,FALSE,FALSE,USD,USA,114800,6969.6,sqft,1.67E+12,"$20,000 (Oct 12)",-20000,,NEW_CONSTRUCTION_TYPE_OTHER,,,,
2231268,10197 Bridgewater Cir,55129,Woodbury,MN,44.921017,-92.89846,619900,4,4,4357,SINGLE_FAMILY,FOR_SALE,-1,FALSE,FALSE,614900,3556,{'is_FSBA': True},FALSE,FALSE,FOR_SALE,619900,TRUE,FALSE,FALSE,USD,USA,487400,0.41,acres,1.67E+12,"$15,000 (Nov 9)",-15000,,,,,,
2062237203,11283 Crestbury Dr,55129,Saint Paul,MN,44.934208,-92.87677,399990,3,3,1883,TOWNHOUSE,FOR_SALE,-1,FALSE,FALSE,394839,2392,{'is_newHome': True},FALSE,FALSE,FOR_SALE,399990,TRUE,TRUE,FALSE,USD,USA,,2613.6,sqft,1.67E+12,"$13,890 (Nov 7)",-13890,28977951,BUILDER_SPEC,,,,
299618678,3257 Mulberry Bay,55129,Woodbury,MN,44.901463,-92.87758,559900,3,3,2098,TOWNHOUSE,FOR_SALE,-1,FALSE,FALSE,554715,2350,{'is_newHome': True},FALSE,FALSE,FOR_SALE,559900,TRUE,FALSE,FALSE,USD,USA,114800,8712,sqft,1.65E+12,,5000,,NEW_CONSTRUCTION_TYPE_OTHER,,,,
88936449,10527 Bay View Ln,55129,Woodbury,MN,44.94087,-92.89285,346000,3,3,2294,TOWNHOUSE,FOR_SALE,-1,FALSE,FALSE,340551,2400,{'is_FSBA': True},FALSE,FALSE,FOR_SALE,346000,TRUE,FALSE,FALSE,USD,USA,265700,2178,sqft,1.67E+12,"$8,000 (Oct 27)",-8000,,,,,,
316356642,4394 Monarch Dr,55129,Woodbury,MN,44.884872,-92.90398,549900,2,2,1855,SINGLE_FAMILY,FOR_SALE,-1,FALSE,FALSE,544300,2562,{'is_newHome': True},FALSE,FALSE,FOR_SALE,549900,TRUE,FALSE,FALSE,USD,USA,130500,8276.4,sqft,1.67E+12,"$35,000 (Oct 9)",-35000,,BUILDER_SPEC,,,,
121652339,1610 Bluewater Ln,55129,Woodbury,MN,44.926857,-92.879906,749000,4,5,3574,SINGLE_FAMILY,FOR_SALE,-1,FALSE,FALSE,743352,4125,{'is_FSBA': True},FALSE,FALSE,FOR_SALE,749000,TRUE,FALSE,FALSE,USD,USA,530500,0.25,acres,,,,,,,,,
2061732043,11265 Crestbury Dr,55129,Saint Paul,MN,44.9316,-92.87728,374990,3,3,1883,TOWNHOUSE,FOR_SALE,-1,FALSE,FALSE,369109,2469,{'is_newHome': True},FALSE,FALSE,FOR_SALE,374990,TRUE,TRUE,FALSE,USD,USA,,0.05,sqft,1.67E+12,"$20,000 (Nov 6)",-20000,28977951,BUILDER_SPEC,,,,
316355944,4479 Atlas Trl,55129,Woodbury,MN,44.88495,-92.905396,574900,3,3,2376,SINGLE_FAMILY,FOR_SALE,-1,FALSE,FALSE,569000,2497,{'is_FSBA': True},FALSE,FALSE,FOR_SALE,574900,TRUE,FALSE,FALSE,USD,USA,431800,10018.8,sqft,,,,,,,,,
88930411,1366 Whistler Point Cir,55129,Woodbury,MN,44.928974,-92.8873,775000,4,5,4224,SINGLE_FAMILY,FOR_SALE,-1,FALSE,FALSE,768900,4363,{'is_FSBA': True},FALSE,FALSE,FOR_SALE,775000,TRUE,FALSE,FALSE,USD,USA,670600,0.38,acres,1.67E+12,"$24,000 (Nov 5)",-24000,,,,,,
68290146,10075 City Walk Dr UNIT 105,55129,Woodbury,MN,44.943295,-92.901924,324900,3,3,1870,TOWNHOUSE,FOR_SALE,-1,FALSE,FALSE,318700,2400,{'is_FSBA': True},FALSE,FALSE,FOR_SALE,324900,TRUE,FALSE,FALSE,USD,USA,227100,0.27,acres,1.67E+12,"$10,100 (Nov 19)",-10100,,,Unit 105,,,
2070104451,1485 Corral Alco,55125,Saint Paul,MN,,,538000,4,5,3092,SINGLE_FAMILY,FOR_SALE,-1,FALSE,FALSE,531200,2896,{'is_FSBA': True},FALSE,FALSE,FOR_SALE,538000,TRUE,FALSE,FALSE,USD,USA,,0.52,acres,1.67E+12,"$6,000 (Nov 10)",-6000,,,,,,
88932230,11376 Eagle View Ter,55129,Woodbury,MN,44.913605,-92.87552,599900,4,5,3292,SINGLE_FAMILY,FOR_SALE,-1,FALSE,FALSE,593100,3312,{'is_FSBA': True},FALSE,FALSE,FOR_SALE,599900,TRUE,FALSE,FALSE,USD,USA,448900,0.33,acres,1.67E+12,"$9,100 (Nov 9)",-9100,,,,,,
316356631,4481 Monarch Dr,55129,Woodbury,MN,44.884502,-92.90534,479900,2,2,1643,SINGLE_FAMILY,FOR_SALE,-1,FALSE,FALSE,472894,2084,{'is_newHome': True},FALSE,FALSE,FOR_SALE,479900,TRUE,FALSE,FALSE,USD,USA,145000,6534,sqft,1.67E+12,"$10,000 (Nov 8)",-10000,,BUILDER_SPEC,,,,
88926794,11350 Eagle View Ter,55129,Woodbury,MN,44.911926,-92.87568,659900,4,5,4001,SINGLE_FAMILY,FOR_SALE,-1,FALSE,FALSE,652567,3565,{'is_FSBA': True},FALSE,FALSE,FOR_SALE,659900,TRUE,FALSE,FALSE,USD,USA,508900,8276.4,sqft,1.67E+12,"$15,000 (Nov 4)",-15000,,,,,,
316356639,4370 Monarch Dr,55129,Woodbury,MN,44.885303,-92.90398,519900,2,2,1803,SINGLE_FAMILY,FOR_SALE,-1,FALSE,FALSE,511746,2104,{'is_newHome': True},FALSE,FALSE,FOR_SALE,519900,TRUE,FALSE,FALSE,USD,USA,130500,7405.2,sqft,1.67E+12,"$20,000 (Nov 23)",-20000,,BUILDER_SPEC,,,,
316356638,4362 Monarch Dr,55129,Woodbury,MN,44.885445,-92.903984,549900,2,2,1751,TOWNHOUSE,FOR_SALE,-1,FALSE,FALSE,541440,2295,{'is_newHome': True},FALSE,FALSE,FOR_SALE,549900,TRUE,FALSE,FALSE,USD,USA,130500,7405.2,sqft,,,,,NEW_CONSTRUCTION_TYPE_OTHER,,,,
2069792186,Monarch Dr,55129,Saint Paul,MN,44.886967,-92.90473,509900,2,2,1647,SINGLE_FAMILY,FOR_SALE,-1,FALSE,FALSE,501362,2086,{'is_newHome': True},FALSE,FALSE,FOR_SALE,509900,TRUE,FALSE,FALSE,USD,USA,,8276.4,sqft,1.66E+12,,-8000,,BUILDER_SPEC,,,,
55378016,10501 Golden Eagle Trl,55129,Woodbury,MN,44.90667,-92.89275,572000,4,5,3657,SINGLE_FAMILY,FOR_SALE,-1,FALSE,FALSE,562800,3499,{'is_FSBA': True},FALSE,FALSE,FOR_SALE,572000,TRUE,FALSE,FALSE,USD,USA,452100,0.27,acres,1.67E+12,"$9,000 (Nov 17)",-9000,,,,,,
2264858,7086 Military Rd,55129,Woodbury,MN,44.879585,-92.96266,525000,1,2,1376,SINGLE_FAMILY,FOR_SALE,-1,FALSE,FALSE,515800,1679,{'is_comingSoon': True},FALSE,FALSE,FOR_SALE,525000,TRUE,FALSE,FALSE,USD,USA,390000,6.13,acres,,,,,,,,,
63405013,10662 Brookview Pl,55129,Woodbury,MN,44.93596,-92.889656,649900,4,5,3881,SINGLE_FAMILY,FOR_SALE,-1,FALSE,FALSE,640614,3477,{'is_FSBA': True},FALSE,FALSE,FOR_SALE,649900,TRUE,FALSE,FALSE,USD,USA,486900,0.38,acres,1.67E+12,"$25,000 (Oct 31)",-25000,,,,,,
249236675,5035 Dale Ridge Rd,55129,Woodbury,MN,44.87518,-92.915855,120000,,,,LOT,FOR_SALE,-1,FALSE,FALSE,,,{'is_FSBA': True},FALSE,FALSE,FOR_SALE,120000,TRUE,FALSE,FALSE,USD,USA,119000,6098.4,sqft,,,,,,,,,
249236357,5039 Dale Ridge Rd,55129,Woodbury,MN,44.87502,-92.91585,120000,,,,LOT,FOR_SALE,-1,FALSE,FALSE,,,{'is_FSBA': True},FALSE,FALSE,FOR_SALE,120000,TRUE,FALSE,FALSE,USD,USA,119000,7840.8,sqft,,,,,,,,,
249236275,5078 Dale Ridge Rd,55129,Woodbury,MN,44.874603,-92.91475,130000,,,,LOT,FOR_SALE,-1,FALSE,FALSE,,,{'is_FSBA': True},FALSE,FALSE,FOR_SALE,130000,TRUE,FALSE,FALSE,USD,USA,119000,6534,sqft,,,,,,,,,
249235686,5066 Dale Ridge Rd,55129,Woodbury,MN,44.8746,-92.91535,130000,,,,LOT,FOR_SALE,-1,FALSE,FALSE,,,{'is_FSBA': True},FALSE,FALSE,FOR_SALE,130000,TRUE,FALSE,FALSE,USD,USA,119000,6534,sqft,,,,,,,,,
249235721,5070 Dale Ridge Rd,55129,Woodbury,MN,44.8746,-92.915146,130000,,,,LOT,FOR_SALE,-1,FALSE,FALSE,,,{'is_FSBA': True},FALSE,FALSE,FOR_SALE,130000,TRUE,FALSE,FALSE,USD,USA,119000,6534,sqft,,,,,,,,,
2217123,6351 Alderwood Cir APT D,55125,Woodbury,MN,44.936203,-92.97935,155000,1,1,759,CONDO,FOR_SALE,-1,FALSE,FALSE,,,{'is_FSBA': True},FALSE,FALSE,FOR_SALE,155000,TRUE,FALSE,FALSE,USD,USA,121400,7405.2,sqft,,,,,,Apt D,,,
2061143205,1831 Century Ave S,55055,Newport,MN,44.88452,-92.98412,185000,,,,LOT,FOR_SALE,-1,FALSE,FALSE,,,{'is_FSBA': True},FALSE,FALSE,FOR_SALE,185000,TRUE,FALSE,FALSE,USD,USA,,0.9,acres,,,,,,,,,
2061143348,1841 Century Ave S,55055,Newport,MN,44.884777,-92.98413,185000,,,,LOT,FOR_SALE,-1,FALSE,FALSE,,,{'is_FSBA': True},FALSE,FALSE,FOR_SALE,185000,TRUE,FALSE,FALSE,USD,USA,,0.9,acres,,,,,,,,,
333958585,9937 Park Xing,55125,Woodbury,MN,44.914997,-92.90717,189000,,,,LOT,FOR_SALE,-1,FALSE,FALSE,,2400,{'is_FSBA': True},FALSE,FALSE,FOR_SALE,189000,TRUE,FALSE,FALSE,USD,USA,157000,0.86,acres,1.65E+12,,-900,,,,,,
2243519,7079 Robinwood Trl,55125,Woodbury,MN,44.90606,-92.96081,245000,1,2,976,TOWNHOUSE,FOR_SALE,-1,FALSE,FALSE,,,{'is_FSBA': True},FALSE,FALSE,FOR_SALE,245000,TRUE,FALSE,FALSE,USD,USA,181900,0.11,sqft,,,,,,,,,
2213028,680 Woodduck Dr APT F,55125,Woodbury,MN,44.939064,-92.94338,279900,2,3,1637,TOWNHOUSE,FOR_SALE,-1,FALSE,FALSE,,,{'is_FSBA': True},FALSE,FALSE,FOR_SALE,279900,TRUE,FALSE,FALSE,USD,USA,219800,0.75,acres,1.67E+12,"$5,100 (Oct 27)",-5100,,,Apt F,,,
2243975,7899 Forest Blvd APT D,55125,Woodbury,MN,44.90563,-92.94626,280000,2,2,1300,TOWNHOUSE,FOR_SALE,-1,FALSE,FALSE,,,{'is_FSBA': True},FALSE,FALSE,FOR_SALE,280000,TRUE,FALSE,FALSE,USD,USA,208500,3049.2,sqft,1.67E+12,"$10,000 (Nov 7)",-10000,,,Apt D,,,
55377057,670 Kingfisher Ln APT F,55125,Woodbury,MN,44.939083,-92.94461,285000,2,3,1636,TOWNHOUSE,FOR_SALE,-1,FALSE,FALSE,,,{'is_FSBA': True},FALSE,FALSE,FOR_SALE,285000,TRUE,FALSE,FALSE,USD,USA,214500,,,,,,,,Apt F,,,
2086644788,5127 Woodlane Alcove,55129,Woodbury,MN,,,305000,,,,LOT,FOR_SALE,-1,FALSE,FALSE,,1454,{'is_FSBA': True},FALSE,FALSE,FOR_SALE,305000,TRUE,FALSE,FALSE,USD,USA,,2.19,acres,,,,,,,,,
2247082,6760 Jenny Ln,55125,Woodbury,MN,44.906822,-92.96924,309900,2,2,1413,TOWNHOUSE,FOR_SALE,-1,FALSE,FALSE,,,{'is_FSBA': True},FALSE,FALSE,FOR_SALE,309900,TRUE,FALSE,FALSE,USD,USA,260800,3049.2,sqft,,,,,,,,,
2086645885,5111 Woodlane Alcove,55129,Woodbury,MN,,,315000,,,,LOT,FOR_SALE,-1,FALSE,FALSE,,1454,{'is_FSBA': True},FALSE,FALSE,FOR_SALE,315000,TRUE,FALSE,FALSE,USD,USA,,1.59,acres,1.65E+12,,20000,,,,,,
2249059,6821 Romeo Rd,55125,Woodbury,MN,44.899498,-92.967575,339700,2,2,1928,TOWNHOUSE,FOR_SALE,-1,FALSE,FALSE,,,{'is_FSBA': True},FALSE,FALSE,FOR_SALE,339700,TRUE,FALSE,FALSE,USD,USA,229900,5227.2,sqft,,,,,,,,,
2243039,2272 Cascade Plz N,55125,Woodbury,MN,44.915543,-92.950836,350000,2,4,2006,SINGLE_FAMILY,FOR_SALE,-1,FALSE,FALSE,,,{'is_FSBA': True},FALSE,FALSE,FOR_SALE,350000,TRUE,FALSE,FALSE,USD,USA,267200,7405.2,sqft,1.67E+12,"$24,900 (Oct 20)",-24900,,,,,,
2216841,413 Meadow Ct,55125,Woodbury,MN,44.941654,-92.97569,359900,1,3,1118,SINGLE_FAMILY,FOR_SALE,-1,FALSE,FALSE,,,{'is_FSBA': True},FALSE,FALSE,FOR_SALE,359900,TRUE,FALSE,FALSE,USD,USA,238400,0.37,acres,1.67E+12,"$9,100 (Nov 13)",-9100,,,,,,
2061355557,11271 Crestbury Dr,55129,Saint Paul,MN,44.931637,-92.87718,372990,3,3,1883,TOWNHOUSE,FOR_SALE,-1,FALSE,FALSE,,,{'is_newHome': True},FALSE,FALSE,FOR_SALE,372990,TRUE,TRUE,FALSE,USD,USA,,0.06,sqft,1.67E+12,"$7,000 (Nov 7)",-7000,28977951,BUILDER_SPEC,,,,
2061355561,11267 Crestbury Dr,55129,Saint Paul,MN,44.934208,-92.87677,384990,3,3,1883,TOWNHOUSE,FOR_SALE,-1,FALSE,FALSE,,,{'is_newHome': True},FALSE,FALSE,FOR_SALE,384990,TRUE,TRUE,FALSE,USD,USA,,2613.6,sqft,1.67E+12,"$23,000 (Nov 7)",-23000,28977951,BUILDER_SPEC,,,,
2218696,6317 Birchwood Rd,55125,Woodbury,MN,44.93199,-92.97751,385000,3,4,2004,SINGLE_FAMILY,FOR_SALE,-1,FALSE,FALSE,,,{'is_FSBA': True},FALSE,FALSE,FOR_SALE,385000,TRUE,FALSE,FALSE,USD,USA,275100,9583.2,sqft,1.67E+12,"$5,000 (Nov 17)",-5000,,,,,,
2061355558,11269 Crestbury Dr,55129,Saint Paul,MN,44.931637,-92.87718,389990,3,3,1993,TOWNHOUSE,FOR_SALE,-1,FALSE,FALSE,,,{'is_newHome': True},FALSE,FALSE,FOR_SALE,389990,TRUE,TRUE,FALSE,USD,USA,,0.06,sqft,1.67E+12,,4000,28977951,BUILDER_SPEC,,,,
2060972288,4810 Airlake Dr,55129,Saint Paul,MN,44.877213,-92.896164,389990,3,3,1883,TOWNHOUSE,FOR_SALE,-1,FALSE,FALSE,,,{'is_newHome': True},FALSE,FALSE,FOR_SALE,389990,TRUE,TRUE,FALSE,USD,USA,,0.04,sqft,1.67E+12,"$5,000 (Nov 25)",-5000,29811767,BUILDER_SPEC,,,,
2061017127,4808 Airlake Dr,55129,Saint Paul,MN,44.879654,-92.89551,397990,3,3,1883,TOWNHOUSE,FOR_SALE,-1,FALSE,FALSE,,,{'is_newHome': True},FALSE,FALSE,FOR_SALE,397990,TRUE,TRUE,FALSE,USD,USA,,,,1.67E+12,"$2,000 (Nov 10)",-2000,29811767,BUILDER_SPEC,,,,
249236301,4299 Corn Silk Ln,55129,Woodbury,MN,44.88612,-92.9531,399000,4,4,2345,TOWNHOUSE,FOR_SALE,-1,FALSE,FALSE,,,{'is_FSBA': True},FALSE,FALSE,FOR_SALE,399000,TRUE,FALSE,FALSE,USD,USA,346100,1742.4,sqft,1.67E+12,"$10,990 (Oct 15)",-10990,,,,,,
2070124350,1635 Regatta Alco,55125,Saint Paul,MN,,,404000,2,4,2236,SINGLE_FAMILY,FOR_SALE,-1,FALSE,FALSE,,,{'is_FSBA': True},FALSE,FALSE,FOR_SALE,404000,TRUE,FALSE,FALSE,USD,USA,,0.28,acres,1.67E+12,"$1,000 (Nov 17)",-1000,,,,,,
333958545,11341 Brookview Dr,55129,Woodbury,MN,44.934456,-92.87424,409990,3,3,1983,TOWNHOUSE,FOR_SALE,-1,FALSE,FALSE,,2382,{'is_newHome': True},FALSE,FALSE,FOR_SALE,409990,TRUE,FALSE,FALSE,USD,USA,119500,2613.6,sqft,1.67E+12,"$69,010 (Nov 6)",-69010,,NEW_CONSTRUCTION_TYPE_OTHER,,,,
2275815,8585 Dale Rd,55129,Woodbury,MN,44.87597,-92.93203,425000,2,2,1652,SINGLE_FAMILY,FOR_SALE,-1,FALSE,FALSE,,,{'is_FSBA': True},FALSE,FALSE,FOR_SALE,425000,TRUE,FALSE,FALSE,USD,USA,287200,1.5,acres,,,,,,,,,
2225586,1516 Glenbeigh Ct,55125,Woodbury,MN,44.926243,-92.93828,425000,3,2,2285,TOWNHOUSE,FOR_SALE,-1,FALSE,FALSE,,,{'is_FSBA': True},FALSE,FALSE,FOR_SALE,425000,TRUE,FALSE,FALSE,USD,USA,309800,3049.2,sqft,,,,,,,,,
2210869,10458 Kilbirnie Rd,55129,Woodbury,MN,44.935516,-92.893974,450000,4,4,2721,SINGLE_FAMILY,FOR_SALE,-1,FALSE,FALSE,,,{'is_FSBA': True},FALSE,FALSE,FOR_SALE,450000,TRUE,FALSE,FALSE,USD,USA,369700,0.25,acres,,,,,,,,,
249235469,5034 Dale Ridge Rd,55129,Woodbury,MN,44.875164,-92.91655,450000,2,3,1816,SINGLE_FAMILY,FOR_SALE,-1,FALSE,FALSE,,2215,{'is_newHome': True},FALSE,FALSE,FOR_SALE,450000,TRUE,FALSE,FALSE,USD,USA,119000,6098.4,sqft,1.67E+12,"$15,000 (Oct 21)",-15000,,BUILDER_SPEC,,,,
299618637,3311 Mulberry Bay,55129,Woodbury,MN,44.900864,-92.87579,489900,2,2,1455,TOWNHOUSE,FOR_SALE,-1,FALSE,FALSE,,,{'is_newHome': True},FALSE,FALSE,FOR_SALE,489900,TRUE,FALSE,FALSE,USD,USA,119800,10454.4,sqft,1.67E+12,"$10,000 (Oct 27)",-10000,,NEW_CONSTRUCTION_TYPE_OTHER,,,,
299618664,3263 Mulberry Bay,55129,Woodbury,MN,44.901463,-92.87737,489900,3,3,2210,TOWNHOUSE,FOR_SALE,-1,FALSE,FALSE,,2409,{'is_newHome': True},FALSE,FALSE,FOR_SALE,489900,TRUE,FALSE,FALSE,USD,USA,114800,6969.6,sqft,1.67E+12,"$10,000 (Nov 23)",-10000,,NEW_CONSTRUCTION_TYPE_OTHER,,,,
2218985,1965 Century Ave S,55125,Woodbury,MN,44.920444,-92.9836,515000,,,,LOT,FOR_SALE,-1,FALSE,FALSE,,,{'is_FSBA': True},FALSE,FALSE,FOR_SALE,515000,TRUE,FALSE,FALSE,USD,USA,259400,1.5,acres,,,,,,,,,
2251570,3121 Copper Oaks Trl,55125,Woodbury,MN,44.901848,-92.95245,519999,4,5,2774,SINGLE_FAMILY,FOR_SALE,-1,FALSE,FALSE,,,{'is_FSBA': True},FALSE,FALSE,FOR_SALE,519999,TRUE,FALSE,FALSE,USD,USA,350100,0.27,acres,,,,,,,,,
2218986,1905 Century Ave S,55125,Woodbury,MN,44.92078,-92.98373,525000,,,,LOT,FOR_SALE,-1,FALSE,FALSE,,,{'is_FSBA': True},FALSE,FALSE,FOR_SALE,525000,TRUE,FALSE,FALSE,USD,USA,279400,1.7,acres,,,,,,,,,
2060625962,4646 Benjamin Dr,55129,Saint Paul,MN,44.89127,-92.951645,529990,2,2,1785,SINGLE_FAMILY,FOR_SALE,-1,FALSE,FALSE,,,{'is_newHome': True},FALSE,FALSE,FOR_SALE,529990,TRUE,FALSE,FALSE,USD,USA,,7405.2,sqft,,,,,BUILDER_SPEC,,,,
249235470,5198 Sundial Ln,55129,Woodbury,MN,44.874916,-92.92311,535000,3,3,2820,TOWNHOUSE,FOR_SALE,-1,FALSE,FALSE,,,{'is_FSBA': True},FALSE,FALSE,FOR_SALE,535000,TRUE,FALSE,FALSE,USD,USA,135000,6969.6,sqft,1.67E+12,"$15,000 (Oct 26)",-15000,,,,,,
2062368263,4714 Martingale Dr,55129,Saint Paul,MN,,,536990,3,4,2271,SINGLE_FAMILY,FOR_SALE,-1,FALSE,FALSE,,,{'is_newHome': True},FALSE,FALSE,FOR_SALE,536990,TRUE,FALSE,FALSE,USD,USA,,0.33,acres,1.67E+12,,4490,,BUILDER_SPEC,,,,
72624438,10849 Falling Water Ln UNIT C,55129,Woodbury,MN,44.922115,-92.885315,565000,3,3,3000,TOWNHOUSE,FOR_SALE,-1,FALSE,FALSE,,,{'is_FSBA': True},FALSE,FALSE,FOR_SALE,565000,TRUE,FALSE,FALSE,USD,USA,412500,,,1.67E+12,"$30,000 (Oct 31)",-30000,,,Unit C,,,
2067857645,4698 Stable View Dr,55129,Saint Paul,MN,44.881664,-92.9397,574990,3,4,2439,SINGLE_FAMILY,FOR_SALE,-1,FALSE,FALSE,,,{'is_newHome': True},FALSE,FALSE,FOR_SALE,574990,TRUE,TRUE,FALSE,USD,USA,,10454.4,sqft,1.67E+12,"$5,000 (Nov 23)",-5000,10318119,BUILDER_SPEC,,,,
2065502813,839 Spancil Hill Dr,55129,Saint Paul,MN,44.93631,-92.877144,596990,3,4,2439,SINGLE_FAMILY,FOR_SALE,-1,FALSE,FALSE,,,{'is_newHome': True},FALSE,FALSE,FOR_SALE,596990,TRUE,TRUE,FALSE,USD,USA,,9583.2,sqft,1.67E+12,"$3,000 (Nov 26)",-3000,29374346,BUILDER_SPEC,,,,
59742253,2810 White Eagle Dr,55129,Woodbury,MN,44.91037,-92.885994,599000,4,4,4121,SINGLE_FAMILY,FOR_SALE,-1,FALSE,FALSE,,,{'is_FSBA': True},FALSE,FALSE,FOR_SALE,599000,TRUE,FALSE,FALSE,USD,USA,500500,10454.4,sqft,1.66E+12,"$20,900 (Sep 27)",-20900,,,,,,
101672154,2896 Liberty Trl,55129,Woodbury,MN,44.907417,-92.87168,599000,4,5,3425,SINGLE_FAMILY,FOR_SALE,-1,FALSE,FALSE,,,{'is_FSBA': True},FALSE,FALSE,FOR_SALE,599000,TRUE,FALSE,FALSE,USD,USA,416700,8276.4,sqft,1.67E+12,"$16,000 (Oct 21)",-16000,,,,,,
2071501545,9960 Ambrose Alco,55129,Saint Paul,MN,,,599900,2,2,1592,SINGLE_FAMILY,FOR_SALE,-1,FALSE,FALSE,,,{'is_newHome': True},FALSE,FALSE,FOR_SALE,599900,TRUE,FALSE,FALSE,USD,USA,,0.36,acres,1.65E+12,,9000,,BUILDER_SPEC,,,,
2060825940,10232 Arrowwood Path,55129,Saint Paul,MN,,,599900,3,3,2758,SINGLE_FAMILY,FOR_SALE,-1,FALSE,FALSE,,,"{'is_newHome': True, 'is_openHouse': True}",FALSE,FALSE,FOR_SALE,599900,TRUE,FALSE,FALSE,USD,USA,,0.21,sqft,1.67E+12,"$17,000 (Nov 23)",-17000,,BUILDER_SPEC,,,Sat. 12-2pm,"{'open_house_showing': [{'open_house_start': 1670097600000, 'open_house_end': 1670104800000}, {'open_house_start': 1670184000000, 'open_house_end': 1670191200000}, {'open_house_start': 1670702400000, 'open_house_end': 1670709600000}, {'open_house_start': 1670788800000, 'open_house_end': 1670796000000}, {'open_house_start': 1671307200000, 'open_house_end': 1671314400000}, {'open_house_start': 1671393600000, 'open_house_end': 1671400800000}, {'open_house_start': 1671912000000, 'open_house_end': 1671919200000}, {'open_house_start': 1671998400000, 'open_house_end': 1672005600000}, {'open_house_start': 1672516800000, 'open_house_end': 1672524000000}, {'open_house_start': 1672603200000, 'open_house_end': 1672610400000}, {'open_house_start': 1673121600000, 'open_house_end': 1673128800000}, {'open_house_start': 1673208000000, 'open_house_end': 1673215200000}, {'open_house_start': 1673726400000, 'open_house_end': 1673733600000}, {'open_house_start': 1673812800000, 'open_house_end': 1673820000000}, {'open_house_start': 1674331200000, 'open_house_end': 1674338400000}, {'open_house_start': 1674417600000, 'open_house_end': 1674424800000}, {'open_house_start': 1674936000000, 'open_house_end': 1674943200000}, {'open_house_start': 1675022400000, 'open_house_end': 1675029600000}]}"
2067876995,7690 Oak Hill Rd,55129,Saint Paul,MN,,,599990,2,2,1785,SINGLE_FAMILY,FOR_SALE,-1,FALSE,FALSE,,3598,"{'is_newHome': True, 'is_openHouse': True}",FALSE,FALSE,FOR_SALE,599990,TRUE,FALSE,FALSE,USD,USA,,8276.4,sqft,1.67E+12,"$75,094 (Nov 5)",-75094,,BUILDER_SPEC,,,Mon. 11am-6pm,"{'open_house_showing': [{'open_house_start': 1669662000000, 'open_house_end': 1669687200000}, {'open_house_start': 1669921200000, 'open_house_end': 1669946400000}, {'open_house_start': 1670007600000, 'open_house_end': 1670032800000}, {'open_house_start': 1670094000000, 'open_house_end': 1670119200000}, {'open_house_start': 1670180400000, 'open_house_end': 1670205600000}, {'open_house_start': 1670266800000, 'open_house_end': 1670292000000}, {'open_house_start': 1670526000000, 'open_house_end': 1670551200000}, {'open_house_start': 1670612400000, 'open_house_end': 1670637600000}, {'open_house_start': 1670698800000, 'open_house_end': 1670724000000}, {'open_house_start': 1670785200000, 'open_house_end': 1670810400000}, {'open_house_start': 1670871600000, 'open_house_end': 1670896800000}, {'open_house_start': 1671130800000, 'open_house_end': 1671156000000}, {'open_house_start': 1671217200000, 'open_house_end': 1671242400000}, {'open_house_start': 1671303600000, 'open_house_end': 1671328800000}, {'open_house_start': 1671390000000, 'open_house_end': 1671415200000}, {'open_house_start': 1671476400000, 'open_house_end': 1671501600000}, {'open_house_start': 1671735600000, 'open_house_end': 1671760800000}, {'open_house_start': 1671822000000, 'open_house_end': 1671847200000}, {'open_house_start': 1672081200000, 'open_house_end': 1672106400000}, {'open_house_start': 1672340400000, 'open_house_end': 1672365600000}, {'open_house_start': 1672426800000, 'open_house_end': 1672452000000}]}"
2060828747,10331 McGregor Blvd,55129,Saint Paul,MN,44.88138,-92.898026,605295,3,3,2390,SINGLE_FAMILY,FOR_SALE,-1,FALSE,FALSE,,,{'is_newHome': True},FALSE,FALSE,FOR_SALE,605295,TRUE,TRUE,FALSE,USD,USA,,0.27,acres,,,,29757284,BUILDER_SPEC,,,,
101675707,1355 Whistler Point Rd,55129,Woodbury,MN,44.930065,-92.884636,625000,4,5,3983,SINGLE_FAMILY,FOR_SALE,-1,FALSE,FALSE,,,{'is_FSBA': True},FALSE,FALSE,FOR_SALE,625000,TRUE,FALSE,FALSE,USD,USA,510600,0.34,acres,1.67E+12,"$25,000 (Nov 2)",-25000,,,,,,
119334056,11521 Wagon Wheel Way,55129,Woodbury,MN,44.89523,-92.87286,625000,4,4,3601,SINGLE_FAMILY,FOR_SALE,-1,FALSE,FALSE,,,{'is_FSBA': True},FALSE,FALSE,FOR_SALE,625000,TRUE,FALSE,FALSE,USD,USA,473400,9147.6,sqft,,,,,,,,,
2062980028,800 Spancil Hill Dr,55129,Saint Paul,MN,44.937645,-92.87758,644165,3,4,2680,SINGLE_FAMILY,FOR_SALE,-1,FALSE,FALSE,,,{'is_newHome': True},FALSE,FALSE,FOR_SALE,644165,TRUE,TRUE,FALSE,USD,USA,,8276.4,sqft,1.67E+12,,4000,29374346,BUILDER_SPEC,,,,
2067702924,Arrowwood Path,55129,Saint Paul,MN,44.880745,-92.91031,649900,3,4,2196,SINGLE_FAMILY,FOR_SALE,-1,FALSE,FALSE,,3396,{'is_newHome': True},FALSE,FALSE,FOR_SALE,649900,TRUE,FALSE,FALSE,USD,USA,,0.21,sqft,1.67E+12,,22000,,BUILDER_SPEC,,,,
2066678536,8314 Yearling Dr,55129,Saint Paul,MN,44.88094,-92.93947,649990,4,5,2786,SINGLE_FAMILY,FOR_SALE,-1,FALSE,FALSE,,,{'is_newHome': True},FALSE,FALSE,FOR_SALE,649990,TRUE,TRUE,FALSE,USD,USA,,8276.4,sqft,1.67E+12,"$47,000 (Nov 4)",-47000,28658130,BUILDER_SPEC,,,,
2069523384,968 Spancil Hill Dr,55129,Saint Paul,MN,,,652990,3,4,2680,SINGLE_FAMILY,FOR_SALE,-1,FALSE,FALSE,,,{'is_newHome': True},FALSE,FALSE,FOR_SALE,652990,TRUE,FALSE,FALSE,USD,USA,,0.29,acres,1.65E+12,,-2000,,BUILDER_SPEC,,,,
101661534,1659 Headwaters Ln,55129,Woodbury,MN,44.92471,-92.87589,654900,4,6,4119,SINGLE_FAMILY,FOR_SALE,-1,FALSE,FALSE,,,{'is_FSBA': True},FALSE,FALSE,FOR_SALE,654900,TRUE,FALSE,FALSE,USD,USA,541800,0.38,acres,,,,,,,,,
240363292,4853 Sunflower Bay,55129,Woodbury,MN,44.87978,-92.91898,664000,2,2,1595,TOWNHOUSE,FOR_SALE,-1,FALSE,FALSE,,,{'is_newHome': True},FALSE,FALSE,FOR_SALE,664000,TRUE,FALSE,FALSE,USD,USA,200000,9583.2,sqft,1.66E+12,,26000,,NEW_CONSTRUCTION_TYPE_OTHER,,,,
2063187280,10226 Arrowwood Trl,55129,Saint Paul,MN,44.880074,-92.895645,664900,4,5,2995,SINGLE_FAMILY,FOR_SALE,-1,FALSE,FALSE,,,"{'is_newHome': True, 'is_openHouse': True}",FALSE,FALSE,FOR_SALE,664900,TRUE,FALSE,FALSE,USD,USA,,0.23,sqft,1.67E+12,"$10,000 (Oct 27)",-10000,,BUILDER_SPEC,,,Fri. 12-2pm,"{'open_house_showing': [{'open_house_start': 1670011200000, 'open_house_end': 1670018400000}, {'open_house_start': 1670097600000, 'open_house_end': 1670104800000}, {'open_house_start': 1670184000000, 'open_house_end': 1670191200000}, {'open_house_start': 1670616000000, 'open_house_end': 1670623200000}, {'open_house_start': 1670702400000, 'open_house_end': 1670709600000}, {'open_house_start': 1670788800000, 'open_house_end': 1670796000000}, {'open_house_start': 1671220800000, 'open_house_end': 1671228000000}, {'open_house_start': 1671307200000, 'open_house_end': 1671314400000}, {'open_house_start': 1671393600000, 'open_house_end': 1671400800000}, {'open_house_start': 1671825600000, 'open_house_end': 1671832800000}, {'open_house_start': 1671912000000, 'open_house_end': 1671919200000}, {'open_house_start': 1671998400000, 'open_house_end': 1672005600000}, {'open_house_start': 1672430400000, 'open_house_end': 1672437600000}, {'open_house_start': 1672516800000, 'open_house_end': 1672524000000}, {'open_house_start': 1672603200000, 'open_house_end': 1672610400000}, {'open_house_start': 1673035200000, 'open_house_end': 1673042400000}, {'open_house_start': 1673121600000, 'open_house_end': 1673128800000}, {'open_house_start': 1673208000000, 'open_house_end': 1673215200000}, {'open_house_start': 1673640000000, 'open_house_end': 1673647200000}, {'open_house_start': 1673726400000, 'open_house_end': 1673733600000}, {'open_house_start': 1673812800000, 'open_house_end': 1673820000000}, {'open_house_start': 1674244800000, 'open_house_end': 1674252000000}, {'open_house_start': 1674331200000, 'open_house_end': 1674338400000}, {'open_house_start': 1674417600000, 'open_house_end': 1674424800000}, {'open_house_start': 1674849600000, 'open_house_end': 1674856800000}, {'open_house_start': 1674936000000, 'open_house_end': 1674943200000}, {'open_house_start': 1675022400000, 'open_house_end': 1675029600000}, {'open_house_start': 1675454400000, 'open_house_end': 1675461600000}, {'open_house_start': 1675540800000, 'open_house_end': 1675548000000}, {'open_house_start': 1675627200000, 'open_house_end': 1675634400000}, {'open_house_start': 1676059200000, 'open_house_end': 1676066400000}, {'open_house_start': 1676145600000, 'open_house_end': 1676152800000}, {'open_house_start': 1676232000000, 'open_house_end': 1676239200000}, {'open_house_start': 1676664000000, 'open_house_end': 1676671200000}, {'open_house_start': 1676750400000, 'open_house_end': 1676757600000}, {'open_house_start': 1676836800000, 'open_house_end': 1676844000000}, {'open_house_start': 1677268800000, 'open_house_end': 1677276000000}, {'open_house_start': 1677355200000, 'open_house_end': 1677362400000}, {'open_house_start': 1677441600000, 'open_house_end': 1677448800000}]}"
2068372230,8315 Yearling Trl,55129,Saint Paul,MN,44.881443,-92.93936,674990,3,4,2682,SINGLE_FAMILY,FOR_SALE,-1,FALSE,FALSE,,,"{'is_newHome': True, 'is_openHouse': True}",FALSE,FALSE,FOR_SALE,674990,TRUE,TRUE,FALSE,USD,USA,,7840.8,sqft,1.67E+12,,35000,28658130,BUILDER_SPEC,,,Sat. 11:30am-3pm,"{'open_house_showing': [{'open_house_start': 1670095800000, 'open_house_end': 1670108400000}, {'open_house_start': 1670182200000, 'open_house_end': 1670194800000}, {'open_house_start': 1670700600000, 'open_house_end': 1670713200000}, {'open_house_start': 1670787000000, 'open_house_end': 1670799600000}, {'open_house_start': 1671305400000, 'open_house_end': 1671318000000}, {'open_house_start': 1671391800000, 'open_house_end': 1671404400000}, {'open_house_start': 1671910200000, 'open_house_end': 1671922800000}, {'open_house_start': 1671996600000, 'open_house_end': 1672009200000}, {'open_house_start': 1672515000000, 'open_house_end': 1672527600000}, {'open_house_start': 1672601400000, 'open_house_end': 1672614000000}, {'open_house_start': 1673119800000, 'open_house_end': 1673132400000}, {'open_house_start': 1673206200000, 'open_house_end': 1673218800000}, {'open_house_start': 1673724600000, 'open_house_end': 1673737200000}]}"
2066880846,4173 Gable Ct,55129,Saint Paul,MN,,,679900,3,3,3163,SINGLE_FAMILY,FOR_SALE,-1,FALSE,FALSE,,,{'is_newHome': True},FALSE,FALSE,FOR_SALE,679900,TRUE,FALSE,FALSE,USD,USA,,9583.2,sqft,1.67E+12,"$20,000 (Oct 28)",-20000,,BUILDER_SPEC,,,,
2060623224,772 Spancil Hill Dr,55129,Saint Paul,MN,44.938526,-92.87802,684365,4,4,3280,SINGLE_FAMILY,FOR_SALE,-1,FALSE,FALSE,,,{'is_newHome': True},FALSE,FALSE,FOR_SALE,684365,TRUE,FALSE,FALSE,USD,USA,,8712,sqft,,,,,BUILDER_SPEC,,,,
2061249686,5026 Airlake Draw,55125,Saint Paul,MN,,,699000,3,4,2436,SINGLE_FAMILY,FOR_SALE,-1,FALSE,FALSE,,,{'is_newHome': True},FALSE,FALSE,FOR_SALE,699000,TRUE,FALSE,FALSE,USD,USA,,8712,sqft,1.67E+12,,50000,,BUILDER_SPEC,,,,
240363398,5282 Porchlight Vw,55129,Woodbury,MN,44.871162,-92.909386,699900,4,5,3357,SINGLE_FAMILY,FOR_SALE,-1,FALSE,FALSE,,3772,{'is_newHome': True},FALSE,FALSE,FOR_SALE,699900,TRUE,FALSE,FALSE,USD,USA,135000,8712,sqft,1.65E+12,,-59268,,BUILDER_SPEC,,,,
2271040,6635 Orchard Ridge Trl,55129,Woodbury,MN,44.86241,-92.97018,699900,4,4,3113,SINGLE_FAMILY,FOR_SALE,-1,FALSE,FALSE,,,{'is_FSBA': True},FALSE,FALSE,FOR_SALE,699900,TRUE,FALSE,FALSE,USD,USA,459500,5.4,acres,,,,,,,,,
2060892084,10274 Arrowwood Path,55129,Saint Paul,MN,44.880074,-92.895645,699900,4,5,3120,SINGLE_FAMILY,FOR_SALE,-1,FALSE,FALSE,,,{'is_newHome': True},FALSE,FALSE,FOR_SALE,699900,TRUE,FALSE,FALSE,USD,USA,,9147.6,sqft,,,,,BUILDER_SPEC,,,,
2066523873,4177 Gable Ln,55129,Saint Paul,MN,,,699900,3,3,3314,SINGLE_FAMILY,FOR_SALE,-1,FALSE,FALSE,,,{'is_newHome': True},FALSE,FALSE,FOR_SALE,699900,TRUE,FALSE,FALSE,USD,USA,,8712,sqft,1.66E+12,"$20,000 (Sep 24)",-20000,,BUILDER_SPEC,,,,
2067091699,786 Spancil Hill Dr,55129,Saint Paul,MN,44.937706,-92.87753,708880,4,4,3328,SINGLE_FAMILY,FOR_SALE,-1,FALSE,FALSE,,,{'is_newHome': True},FALSE,FALSE,FOR_SALE,708880,TRUE,TRUE,FALSE,USD,USA,,8276.4,sqft,1.67E+12,"$4,000 (Nov 12)",-4000,29374346,BUILDER_SPEC,,,,
2068875426,4053 Salem Dr W,55129,Saint Paul,MN,44.888973,-92.91441,725000,3,3,3725,SINGLE_FAMILY,FOR_SALE,-1,FALSE,FALSE,,,{'is_FSBA': True},FALSE,FALSE,FOR_SALE,725000,TRUE,FALSE,FALSE,USD,USA,,3,acres,1.67E+12,"$24,900 (Nov 12)",-24900,,,,,,
2065574075,4785 Stable View Dr,55129,Saint Paul,MN,44.87958,-92.93951,735605,4,4,3328,SINGLE_FAMILY,FOR_SALE,-1,FALSE,FALSE,,,{'is_newHome': True},FALSE,FALSE,FOR_SALE,735605,TRUE,TRUE,FALSE,USD,USA,,7840.8,sqft,,,,10318119,BUILDER_SPEC,,,,
316355836,4836 Sonoma Rd,55129,Woodbury,MN,44.879906,-92.903915,749900,4,4,3926,SINGLE_FAMILY,FOR_SALE,-1,FALSE,FALSE,,,{'is_newHome': True},FALSE,FALSE,FOR_SALE,749900,TRUE,FALSE,FALSE,USD,USA,114800,0.27,acres,1.66E+12,"$14,100 (Sep 29)",-14100,,BUILDER_SPEC,,,,
2061249834,5028 Airlake Draw,55125,Saint Paul,MN,,,759000,4,4,2860,SINGLE_FAMILY,FOR_SALE,-1,FALSE,FALSE,,,{'is_newHome': True},FALSE,FALSE,FOR_SALE,759000,TRUE,FALSE,FALSE,USD,USA,,0.5,acres,1.67E+12,,60000,,BUILDER_SPEC,,,,
240363396,5286 Porchlight Vw,55129,Woodbury,MN,44.87116,-92.90989,759900,4,5,3884,SINGLE_FAMILY,FOR_SALE,-1,FALSE,FALSE,,4423,"{'is_newHome': True, 'is_openHouse': True}",FALSE,FALSE,FOR_SALE,759900,TRUE,FALSE,FALSE,USD,USA,135000,8276.4,sqft,1.67E+12,"$15,000 (Nov 19)",-15000,,BUILDER_SPEC,,,Sat. 12-4pm,"{'open_house_showing': [{'open_house_start': 1670097600000, 'open_house_end': 1670112000000}, {'open_house_start': 1671912000000, 'open_house_end': 1671926400000}, {'open_house_start': 1671998400000, 'open_house_end': 1672012800000}, {'open_house_start': 1672516800000, 'open_house_end': 1672531200000}]}"
2063243860,8365 Yearling Trl,55129,Saint Paul,MN,44.881588,-92.93588,774990,4,4,4826,SINGLE_FAMILY,FOR_SALE,-1,FALSE,FALSE,,,"{'is_newHome': True, 'is_openHouse': True}",FALSE,FALSE,FOR_SALE,774990,TRUE,TRUE,FALSE,USD,USA,,7840.8,sqft,1.67E+12,"$40,505 (Nov 16)",-40505,28658130,BUILDER_SPEC,,,Sat. 11:30am-3pm,"{'open_house_showing': [{'open_house_start': 1670095800000, 'open_house_end': 1670108400000}, {'open_house_start': 1670182200000, 'open_house_end': 1670194800000}, {'open_house_start': 1670700600000, 'open_house_end': 1670713200000}, {'open_house_start': 1670787000000, 'open_house_end': 1670799600000}, {'open_house_start': 1671305400000, 'open_house_end': 1671318000000}, {'open_house_start': 1671391800000, 'open_house_end': 1671404400000}, {'open_house_start': 1671910200000, 'open_house_end': 1671922800000}, {'open_house_start': 1671996600000, 'open_house_end': 1672009200000}, {'open_house_start': 1672515000000, 'open_house_end': 1672527600000}, {'open_house_start': 1672601400000, 'open_house_end': 1672614000000}, {'open_house_start': 1673119800000, 'open_house_end': 1673132400000}, {'open_house_start': 1673206200000, 'open_house_end': 1673218800000}, {'open_house_start': 1673724600000, 'open_house_end': 1673737200000}]}"
2060884752,10291 Duval Rd,55129,Saint Paul,MN,,,780000,3,4,3290,SINGLE_FAMILY,FOR_SALE,-1,FALSE,FALSE,,,{'is_newHome': True},FALSE,FALSE,FOR_SALE,780000,TRUE,FALSE,FALSE,USD,USA,,10454.4,sqft,,,,,BUILDER_SPEC,,,,
240362751,4895 Sunflower Bay,55129,Woodbury,MN,44.879253,-92.9193,788000,3,3,2677,TOWNHOUSE,FOR_SALE,-1,FALSE,FALSE,,,{'is_newHome': True},FALSE,FALSE,FOR_SALE,788000,TRUE,FALSE,FALSE,USD,USA,200000,0.3,acres,1.66E+12,,31000,,NEW_CONSTRUCTION_TYPE_OTHER,,,,
2063070467,4145 Gable Ct,55129,Saint Paul,MN,,,799900,3,4,3320,SINGLE_FAMILY,FOR_SALE,-1,FALSE,FALSE,,,{'is_newHome': True},FALSE,FALSE,FOR_SALE,799900,TRUE,FALSE,FALSE,USD,USA,,10454.4,sqft,1.67E+12,"$50,000 (Oct 28)",-50000,,BUILDER_SPEC,,,,
2067013720,9615 Iron Horse Rd,55129,Saint Paul,MN,,,875000,5,5,4037,SINGLE_FAMILY,FOR_SALE,-1,FALSE,FALSE,,,{'is_newHome': True},FALSE,FALSE,FOR_SALE,875000,TRUE,FALSE,FALSE,USD,USA,,0.25,acres,1.67E+12,,25000,,BUILDER_SPEC,,,,
2075206381,10261 Arrowwood Trl,55129,Saint Paul,MN,,,899900,5,5,3821,SINGLE_FAMILY,FOR_SALE,-1,FALSE,FALSE,,4967,{'is_newHome': True},FALSE,FALSE,FOR_SALE,899900,TRUE,FALSE,FALSE,USD,USA,,0.3,sqft,1.65E+12,,50000,,BUILDER_SPEC,,,,
2065401715,4090 Arbor Dr,55110,Saint Paul,MN,44.889664,-92.9584,929900,5,6,4665,SINGLE_FAMILY,FOR_SALE,-1,FALSE,FALSE,,5097,"{'is_newHome': True, 'is_openHouse': True}",FALSE,FALSE,FOR_SALE,929900,TRUE,FALSE,FALSE,USD,USA,,9583.2,sqft,1.67E+12,"$20,000 (Oct 20)",-20000,,BUILDER_SPEC,,,Thu. 12:30-4:30pm,"{'open_house_showing': [{'open_house_start': 1669926600000, 'open_house_end': 1669941000000}, {'open_house_start': 1670013000000, 'open_house_end': 1670027400000}, {'open_house_start': 1670099400000, 'open_house_end': 1670113800000}, {'open_house_start': 1670185800000, 'open_house_end': 1670200200000}, {'open_house_start': 1670531400000, 'open_house_end': 1670545800000}, {'open_house_start': 1670617800000, 'open_house_end': 1670632200000}, {'open_house_start': 1670704200000, 'open_house_end': 1670718600000}, {'open_house_start': 1670790600000, 'open_house_end': 1670805000000}, {'open_house_start': 1671136200000, 'open_house_end': 1671150600000}, {'open_house_start': 1671222600000, 'open_house_end': 1671237000000}, {'open_house_start': 1671309000000, 'open_house_end': 1671323400000}, {'open_house_start': 1671395400000, 'open_house_end': 1671409800000}, {'open_house_start': 1671741000000, 'open_house_end': 1671755400000}, {'open_house_start': 1671827400000, 'open_house_end': 1671841800000}, {'open_house_start': 1671913800000, 'open_house_end': 1671928200000}, {'open_house_start': 1672000200000, 'open_house_end': 1672014600000}, {'open_house_start': 1672345800000, 'open_house_end': 1672360200000}, {'open_house_start': 1672432200000, 'open_house_end': 1672446600000}]}"
2064310679,9575 Iron Horse Rd,55129,Saint Paul,MN,,,949000,5,5,3953,SINGLE_FAMILY,FOR_SALE,-1,FALSE,FALSE,,,"{'is_newHome': True, 'is_openHouse': True}",FALSE,FALSE,FOR_SALE,949000,TRUE,FALSE,FALSE,USD,USA,,0.25,acres,1.67E+12,,34000,,BUILDER_SPEC,,,Sat. 12-4pm,"{'open_house_showing': [{'open_house_start': 1670097600000, 'open_house_end': 1670112000000}, {'open_house_start': 1670184000000, 'open_house_end': 1670198400000}, {'open_house_start': 1670702400000, 'open_house_end': 1670716800000}, {'open_house_start': 1670788800000, 'open_house_end': 1670803200000}, {'open_house_start': 1671307200000, 'open_house_end': 1671321600000}, {'open_house_start': 1671393600000, 'open_house_end': 1671408000000}]}"
2061613449,9579 Iron Horse Rd,55129,Saint Paul,MN,44.88011,-92.911,959000,5,5,4167,SINGLE_FAMILY,FOR_SALE,-1,FALSE,FALSE,,,{'is_newHome': True},FALSE,FALSE,FOR_SALE,959000,TRUE,FALSE,FALSE,USD,USA,,10800,sqft,1.67E+12,,20000,,BUILDER_SPEC,,,,
2061215438,9584 Iron Horse Rd,55129,Saint Paul,MN,,,969000,4,4,3226,SINGLE_FAMILY,FOR_SALE,-1,FALSE,FALSE,,,{'is_newHome': True},FALSE,FALSE,FOR_SALE,969000,TRUE,FALSE,FALSE,USD,USA,,0.25,acres,1.67E+12,,720000,,BUILDER_SPEC,,,,
2067333972,4226 Gable Ln,55129,WOODBURY,MN,44.88779,-92.957504,981304,5,4,4580,SINGLE_FAMILY,FOR_SALE,-1,FALSE,FALSE,,,{'is_newHome': True},FALSE,FALSE,FOR_SALE,981304,TRUE,FALSE,FALSE,USD,USA,,0.32,acres,1.64E+12,,11099,,BUILDER_SPEC,,,,
2060671793,9619 Iron Horse Rd,55129,Saint Paul,MN,44.88011,-92.911,1125000,5,5,5156,SINGLE_FAMILY,FOR_SALE,-1,FALSE,FALSE,,,{'is_newHome': True},FALSE,FALSE,FOR_SALE,1125000,TRUE,FALSE,FALSE,USD,USA,,0.4,acres,,,,,BUILDER_SPEC,,,,
2061215520,9600 Iron Horse Rd,55129,Saint Paul,MN,44.880814,-92.91145,1130000,5,5,4808,SINGLE_FAMILY,FOR_SALE,-1,FALSE,FALSE,,,{'is_newHome': True},FALSE,FALSE,FOR_SALE,1130000,TRUE,FALSE,FALSE,USD,USA,,0.25,acres,1.67E+12,,881000,,BUILDER_SPEC,,,,
124233993,6781 Bailey Rd,55129,Woodbury,MN,44.889374,-92.96913,1175000,3,5,2406,SINGLE_FAMILY,FOR_SALE,-1,FALSE,FALSE,,,{'is_FSBA': True},FALSE,FALSE,FOR_SALE,1175000,TRUE,FALSE,FALSE,USD,USA,419500,9.7,acres,1.66E+12,,-225000,,,,,,
2067257730,678X Bailey Rd,55129,Saint Paul,MN,,,1400000,,,,LOT,FOR_SALE,-1,FALSE,FALSE,,,{'is_FSBA': True},FALSE,FALSE,FOR_SALE,1400000,TRUE,FALSE,FALSE,USD,USA,,9.69,acres,,,,,,,,,
2209746,705 Settlers Ridge Pkwy,55129,Woodbury,MN,44.938564,-92.88219,10800000,,,,LOT,FOR_SALE,-1,FALSE,FALSE,,,{'is_FSBA': True},FALSE,FALSE,FOR_SALE,10800000,TRUE,FALSE,FALSE,USD,USA,451000,7.86,acres,,,,,,,,,
